sex,race,age,two_year_recid,priors_count
1,0,34,1,0
1,0,24,1,4
1,1,41,1,14
0,1,39,0,0
1,1,21,1,1
1,1,27,0,0
1,0,23,1,3
0,1,37,0,0
1,0,41,0,0
0,1,47,1,1
1,0,31,1,7
1,0,25,0,3
1,1,31,1,6
1,1,31,1,5
1,0,64,1,13
1,0,21,1,1
1,1,27,1,0
0,1,21,0,0
1,1,43,0,1
1,0,27,1,8
0,1,36,0,3
1,0,26,1,5
1,0,33,1,0
1,1,30,1,9
1,0,32,1,4
1,1,55,0,0
1,1,26,0,6
0,1,33,1,4
1,1,24,1,1
1,0,34,1,21
1,1,29,0,0
0,0,21,0,2
1,0,51,0,2
1,1,29,1,2
0,0,51,0,7
1,0,29,1,0
1,1,25,1,9
1,0,35,1,13
1,1,49,0,0
1,0,34,1,4
1,0,29,0,0
1,1,29,1,1
1,1,48,1,20
1,0,31,0,15
1,0,24,1,2
1,0,49,0,4
1,1,53,0,8
1,0,35,0,5
1,0,63,1,10
1,0,27,1,15
1,1,38,1,4
1,0,22,1,1
1,0,22,1,2
1,0,29,1,4
1,0,27,1,6
0,0,56,0,0
1,0,39,0,1
1,0,29,1,5
1,1,27,1,1
1,0,40,0,2
1,0,22,1,1
1,1,22,0,0
0,0,26,1,1
1,1,27,1,1
1,0,32,0,0
1,0,41,0,1
1,0,30,1,8
1,0,25,1,14
1,0,22,1,2
1,0,23,1,2
0,0,35,0,1
1,0,36,1,9
1,1,26,1,7
1,1,25,1,9
0,1,20,0,0
1,1,39,1,2
1,1,66,0,3
0,1,54,0,0
1,0,19,1,1
1,0,24,0,1
1,0,30,0,1
0,1,39,1,0
1,1,24,1,8
1,1,30,0,0
1,1,31,0,0
0,1,39,0,1
1,0,59,1,14
1,1,43,0,1
1,0,21,1,3
1,1,38,1,5
1,1,34,0,0
1,0,33,1,5
1,0,37,0,3
1,1,42,1,1
1,0,41,1,10
1,0,22,1,0
1,0,33,1,28
1,0,31,0,1
1,1,31,1,13
1,0,27,1,3
1,0,56,0,8
1,1,52,0,3
1,0,33,1,19
0,1,64,0,2
1,1,22,1,4
1,1,42,0,6
0,1,25,0,2
1,1,30,0,1
1,1,28,1,0
0,0,24,0,0
0,1,29,1,10
1,1,44,1,2
1,0,32,1,3
1,1,31,1,2
1,0,31,0,1
1,1,59,1,1
0,0,20,0,1
0,1,43,0,0
1,0,38,1,9
1,0,32,1,11
1,0,33,1,8
0,0,31,1,0
0,0,33,1,7
1,0,27,1,2
0,0,20,0,0
0,1,26,0,0
0,0,61,1,1
0,0,32,1,4
0,0,26,1,2
1,0,55,0,3
1,1,39,0,1
0,1,30,1,3
1,0,30,0,1
1,1,48,0,2
1,0,22,0,1
1,1,46,1,6
0,1,49,0,6
1,1,31,0,0
1,0,25,1,1
0,0,32,0,5
1,0,62,0,8
0,1,37,0,6
1,1,55,0,1
1,0,28,1,6
1,1,78,1,1
1,1,56,0,0
1,0,38,1,22
1,0,22,1,1
1,0,47,1,23
1,0,23,1,0
0,1,38,1,2
1,0,66,0,3
1,1,45,1,8
1,0,32,1,13
1,0,37,1,2
1,1,39,1,0
1,0,26,1,9
1,1,45,0,2
1,0,23,1,0
1,0,34,0,2
0,0,23,0,1
1,1,50,0,1
0,1,37,0,0
1,1,44,0,4
0,0,35,1,23
1,0,26,1,2
1,0,27,0,0
0,0,28,0,0
1,1,43,1,11
0,1,28,1,7
1,0,38,0,2
1,1,27,0,2
0,0,28,0,1
1,1,56,1,7
1,0,38,0,15
1,0,28,0,2
1,0,45,0,3
1,1,61,0,1
0,1,51,1,0
1,1,51,0,0
1,0,48,0,0
1,1,37,1,4
0,0,30,0,2
0,0,41,0,5
1,0,27,1,11
1,0,37,0,0
1,0,54,0,11
1,0,23,0,2
0,0,26,1,2
1,0,41,0,0
1,1,52,0,0
1,1,43,1,13
1,0,52,0,0
1,1,28,0,1
1,0,30,1,11
1,1,28,0,1
1,0,22,0,0
1,0,30,0,4
1,1,31,1,0
1,1,37,1,0
1,0,32,0,14
1,0,26,0,4
1,1,53,0,1
1,0,28,1,25
1,1,44,1,8
1,0,25,0,0
1,1,22,1,1
1,1,36,1,8
1,1,30,0,4
1,0,22,1,3
0,1,24,1,1
1,0,27,1,3
0,1,23,1,5
1,0,29,0,1
1,0,20,1,1
1,0,30,1,2
1,0,27,0,4
1,1,31,0,2
0,0,37,0,2
1,0,20,0,0
0,0,52,0,0
0,0,23,1,0
0,0,48,0,0
1,1,25,0,0
1,1,27,1,0
1,0,30,1,11
1,0,22,1,3
0,1,22,0,1
1,1,32,0,2
0,0,41,0,2
1,0,44,0,24
1,0,52,1,3
1,0,43,0,0
1,1,37,0,3
1,0,28,1,3
1,1,70,0,1
1,1,54,1,6
1,1,46,0,3
1,0,21,1,0
1,0,26,1,1
1,1,34,0,5
1,0,19,1,1
1,0,34,0,5
1,1,23,1,0
1,0,34,1,5
1,0,30,0,2
1,0,39,1,6
1,1,33,1,1
1,1,58,0,2
0,0,21,0,0
1,0,21,0,1
1,0,23,1,4
1,1,62,0,0
1,0,27,1,4
1,1,37,0,5
0,0,32,0,5
1,0,27,0,0
1,1,44,1,0
1,1,28,1,3
0,1,42,0,0
1,0,27,0,0
1,0,20,1,0
0,1,51,0,0
1,1,56,0,0
1,0,29,0,7
1,0,20,1,0
1,1,53,0,6
1,1,27,0,8
1,0,24,1,2
1,1,53,1,36
1,1,28,1,2
0,0,36,0,0
0,1,25,1,2
1,1,28,0,1
0,0,21,1,0
1,1,36,0,0
1,0,24,0,0
1,0,28,1,3
1,0,29,0,0
0,1,30,0,0
0,0,25,0,2
1,0,32,1,12
1,0,23,0,1
1,0,47,0,3
1,1,37,0,0
1,0,19,1,2
0,1,21,0,0
1,1,69,0,0
1,1,21,0,2
1,0,26,1,6
1,1,22,0,0
0,0,23,1,0
1,0,49,0,3
1,0,29,0,2
0,1,60,0,0
1,0,23,1,3
1,1,30,0,0
1,0,21,0,1
1,1,22,1,2
1,0,21,1,4
1,0,21,1,0
1,1,34,0,1
0,1,50,1,1
1,1,40,1,0
1,0,25,1,7
0,1,53,0,1
0,0,24,0,0
1,0,42,0,1
1,0,28,0,1
1,1,24,0,1
1,0,26,1,6
1,0,22,1,4
1,1,21,0,3
1,0,37,1,23
1,0,35,0,2
1,0,53,0,2
1,0,29,0,7
1,1,48,1,23
0,1,52,0,0
1,0,27,1,12
1,0,28,0,5
1,1,33,0,3
1,1,47,1,5
1,0,36,1,14
1,0,29,0,2
1,0,22,1,0
1,0,26,0,6
1,1,25,0,0
1,1,68,0,2
1,0,56,0,5
1,0,27,1,9
1,1,52,1,4
1,0,32,0,3
0,1,39,0,0
1,1,56,0,0
0,0,22,0,0
0,0,27,1,1
1,0,53,0,11
1,1,25,1,0
1,1,22,0,0
0,1,58,0,2
1,0,31,1,7
1,1,22,1,1
1,0,28,1,8
1,0,20,1,0
1,1,29,1,0
1,0,29,0,8
1,0,58,1,21
1,0,22,0,3
1,1,37,0,0
1,0,57,1,1
1,1,27,0,3
1,0,26,0,3
1,1,24,1,3
1,1,33,0,0
1,0,29,0,2
0,0,24,1,3
1,1,19,1,1
1,1,36,0,2
0,1,24,0,0
1,1,34,0,0
1,0,20,1,1
1,0,24,1,1
1,1,61,0,4
0,0,50,0,3
1,0,30,0,1
1,0,38,0,5
1,1,24,0,0
1,0,45,0,16
0,0,46,1,2
1,1,41,1,0
1,0,27,1,13
0,0,51,0,16
1,0,26,1,1
1,0,29,1,3
1,1,52,1,6
1,1,28,1,1
1,0,55,1,5
1,0,26,1,10
1,0,28,0,5
1,1,63,0,2
1,0,42,0,0
1,0,23,0,6
1,0,54,1,28
1,0,35,1,8
0,0,24,1,6
1,0,54,0,2
1,0,58,1,12
1,1,23,1,1
1,0,35,0,1
1,0,20,1,1
1,1,51,0,0
1,1,37,0,3
1,1,47,0,3
1,1,34,1,4
1,1,56,0,0
1,1,59,1,1
0,1,24,1,6
1,1,21,1,2
1,0,26,0,1
0,1,30,0,0
1,1,29,1,6
1,1,29,1,0
1,0,54,0,0
1,0,29,1,4
0,1,59,0,0
1,0,38,0,0
1,0,29,1,4
1,1,27,1,1
1,0,66,1,33
1,1,27,0,2
1,1,51,0,1
1,1,35,0,1
1,1,52,0,4
0,0,35,0,12
0,0,26,0,0
0,1,48,0,0
1,0,33,0,2
0,0,34,0,6
1,0,59,1,10
1,0,29,1,5
1,1,24,0,0
1,1,48,1,1
1,0,55,1,0
1,0,52,0,4
1,0,20,1,0
1,1,25,1,4
1,1,24,0,0
1,1,23,0,0
1,1,27,0,6
1,0,25,1,1
1,0,31,0,0
1,0,25,1,6
1,1,32,1,1
1,1,21,1,0
1,1,25,0,0
1,0,35,0,0
1,0,42,1,14
1,1,24,1,9
1,1,22,1,6
1,1,47,0,1
1,0,27,1,5
1,1,46,1,2
1,0,44,0,1
1,1,23,0,2
1,0,42,0,8
1,0,58,0,6
1,0,26,0,3
1,0,39,1,3
1,0,21,1,3
1,1,63,0,1
1,0,22,1,3
1,0,50,0,3
1,0,38,0,0
1,1,41,0,1
1,0,28,1,16
0,0,30,0,0
1,0,23,0,1
1,1,25,1,2
1,1,40,0,5
1,0,27,1,5
1,1,44,0,11
0,0,35,1,6
1,1,42,0,0
1,0,38,0,15
0,0,25,0,0
0,1,49,1,2
1,1,50,1,5
1,1,28,1,8
1,1,66,1,0
0,1,46,0,0
1,0,30,1,5
0,1,22,0,0
1,1,23,0,1
1,0,24,1,10
1,0,21,1,4
1,0,28,0,4
1,0,25,0,0
0,1,21,0,0
1,0,27,0,0
0,1,24,0,0
1,0,20,0,1
1,0,31,1,3
1,0,27,1,3
1,0,59,1,17
1,0,40,0,0
1,0,22,1,11
0,0,38,0,1
1,0,30,0,1
1,1,27,1,6
0,1,59,0,0
1,1,37,0,2
1,0,28,1,5
1,1,38,0,0
1,0,22,1,0
1,0,25,1,4
1,1,51,0,0
1,1,29,1,2
1,0,28,0,10
1,0,55,1,9
0,1,23,0,3
0,0,22,0,0
0,1,19,1,2
1,0,31,0,1
1,0,29,0,0
1,0,61,1,15
1,0,24,1,4
1,0,20,1,4
1,1,26,1,3
1,1,27,0,5
1,1,25,0,1
1,1,23,1,3
1,0,38,0,0
1,0,27,1,18
0,1,35,1,0
0,0,58,1,4
0,1,57,1,0
1,0,21,0,0
0,0,22,0,0
1,0,30,0,0
1,1,24,1,1
1,1,22,1,2
1,1,29,1,3
1,0,30,1,8
0,0,31,0,10
0,1,45,0,1
1,0,23,0,4
1,1,39,1,2
1,0,31,1,0
1,0,22,1,1
0,0,27,1,9
1,0,27,1,13
1,1,38,1,1
1,0,31,1,23
1,0,47,0,20
1,0,22,0,3
1,0,35,1,1
1,0,65,1,2
1,0,35,0,0
0,0,33,0,0
1,1,53,0,1
1,0,21,0,0
1,0,37,0,11
1,1,33,0,5
0,0,31,0,0
0,1,59,0,2
1,0,27,0,0
1,0,36,1,0
1,0,46,1,17
1,0,22,0,3
0,1,28,0,0
0,1,34,1,15
1,0,23,1,2
1,0,27,0,3
1,1,48,1,3
1,0,30,1,15
0,0,32,0,2
1,0,31,0,5
1,0,36,0,4
1,0,44,1,14
1,1,53,0,2
1,0,33,1,3
1,0,21,0,2
1,0,33,1,4
1,1,47,1,2
1,0,57,1,20
1,0,28,0,2
1,0,24,0,1
1,0,44,0,1
1,0,46,0,0
1,0,37,0,6
1,0,26,1,10
1,0,27,1,10
1,1,40,0,1
0,1,60,1,9
1,1,53,0,1
1,0,26,0,8
1,0,28,0,0
0,1,46,0,2
1,0,23,1,0
1,0,50,1,18
1,0,45,0,0
1,0,22,0,1
1,1,26,1,1
1,1,62,0,0
1,1,34,1,0
1,1,21,0,0
1,1,25,1,0
1,1,68,0,0
1,1,41,0,2
1,1,21,0,1
1,0,22,0,0
1,1,38,1,11
1,1,42,0,1
1,1,22,1,1
1,0,45,1,0
0,0,36,1,4
1,0,48,0,2
0,1,45,0,1
1,0,23,1,6
1,0,24,0,0
1,0,29,0,0
1,0,24,0,0
1,0,50,0,11
1,0,34,1,10
1,0,23,0,0
0,1,22,0,0
1,1,30,1,22
1,0,21,1,0
0,1,53,0,0
1,1,24,0,1
1,0,25,1,7
0,0,25,0,1
1,0,71,0,8
1,0,39,0,10
0,0,37,0,0
1,0,20,1,0
0,0,29,0,3
1,0,22,1,2
1,0,26,1,4
0,0,47,1,19
0,1,20,1,1
0,0,23,0,0
1,1,55,1,18
0,0,53,0,0
0,0,23,0,0
1,0,26,1,5
1,0,25,0,6
1,0,27,1,4
1,0,26,0,2
1,0,29,0,1
1,0,31,0,0
1,0,41,1,8
1,1,25,0,0
1,1,47,0,0
1,0,37,0,4
0,0,35,0,4
1,1,24,1,1
1,1,21,1,2
1,1,22,1,0
1,0,57,0,11
1,1,48,0,0
0,0,37,0,3
1,1,31,0,0
1,0,22,1,1
1,1,31,0,2
1,0,24,1,0
1,0,32,1,22
1,0,63,0,0
1,1,26,1,2
1,1,20,0,0
0,0,24,1,1
0,0,36,0,1
1,1,28,0,2
1,0,36,1,3
0,0,33,0,0
1,0,39,0,0
1,0,30,1,17
0,1,19,1,1
1,0,24,1,1
1,0,35,0,7
1,0,24,0,0
1,1,26,0,0
1,1,26,0,8
1,0,28,1,14
1,0,32,0,0
0,1,32,1,1
1,0,33,1,5
1,0,29,0,16
1,1,34,1,1
1,1,43,0,0
1,1,47,0,2
1,0,25,1,3
0,0,23,0,1
1,1,39,0,2
1,0,35,1,13
1,0,43,0,20
1,0,25,1,3
1,0,48,1,25
1,0,22,1,1
1,0,52,1,9
1,1,26,1,5
1,0,67,1,4
1,0,34,0,4
1,1,56,0,4
1,0,28,1,1
1,0,29,0,2
1,0,37,1,6
1,1,51,0,0
1,0,20,1,1
1,1,26,1,4
0,1,39,1,1
1,0,21,0,1
1,0,21,1,1
1,1,24,1,3
1,0,26,1,4
1,1,48,0,1
1,0,24,1,5
1,1,26,0,0
1,1,46,0,0
1,0,24,0,7
0,1,21,0,0
1,0,24,1,1
1,0,36,0,9
1,0,30,1,5
0,1,22,0,1
1,0,25,1,0
1,0,31,1,25
1,0,24,0,0
1,0,39,1,13
0,0,30,0,4
1,1,40,0,0
0,0,52,0,0
1,0,23,0,3
0,0,26,0,1
1,1,22,1,1
1,1,42,0,3
1,0,23,1,6
1,0,28,0,1
1,1,50,0,1
1,0,32,0,1
1,0,51,0,3
1,1,19,1,1
1,0,32,0,4
0,1,31,1,1
0,0,29,0,1
1,0,26,1,9
1,1,27,1,0
1,1,52,1,1
1,0,28,1,3
1,0,32,1,3
1,0,27,1,5
0,1,42,0,0
1,0,33,1,0
1,1,26,0,4
0,1,28,0,3
0,1,53,0,0
1,1,24,0,0
1,0,39,1,6
1,0,22,1,1
1,0,46,1,2
1,0,25,0,0
1,1,52,0,1
1,0,28,1,4
0,1,57,1,1
1,0,49,1,3
1,0,21,1,2
1,0,32,1,19
1,0,63,0,3
1,1,29,0,2
1,0,46,0,0
1,0,23,1,5
1,0,28,1,10
1,0,27,0,1
0,1,33,0,1
1,1,47,1,4
1,0,32,1,14
1,0,24,0,2
1,0,26,1,5
1,1,25,0,1
1,0,21,0,1
1,0,25,1,2
1,0,22,1,6
0,1,26,0,0
1,1,20,0,0
1,0,30,1,1
1,0,45,1,0
1,0,33,1,7
1,1,35,0,2
1,1,41,0,5
1,1,23,0,0
0,1,21,1,0
1,0,54,0,0
1,0,27,1,10
1,1,22,0,0
1,0,23,1,2
1,0,36,1,5
1,0,29,1,10
1,0,54,1,4
1,1,22,1,2
1,1,38,0,2
1,0,26,1,0
0,0,20,0,0
1,0,52,1,6
1,0,29,0,0
0,0,23,0,6
1,0,35,0,1
1,1,32,1,8
1,0,21,1,1
1,0,30,1,4
0,0,30,0,3
1,0,23,1,2
1,1,32,0,8
1,1,52,0,1
1,0,29,1,6
1,1,42,0,0
1,0,21,1,0
0,1,36,1,4
0,0,22,0,0
1,0,29,0,0
1,0,30,1,6
1,0,51,0,17
1,0,27,1,3
1,1,24,0,2
1,0,23,0,2
1,0,36,0,5
1,0,39,0,1
1,0,29,0,2
1,1,44,0,6
1,0,25,0,2
1,0,31,0,0
1,0,35,1,17
1,0,27,1,11
1,0,33,0,1
1,0,28,1,6
1,0,20,1,1
1,1,60,0,1
1,0,27,1,5
0,0,54,0,0
0,0,26,0,3
1,1,24,0,3
0,0,75,0,5
1,0,36,1,16
1,0,56,0,8
0,0,25,1,5
1,1,46,0,0
1,0,27,0,1
1,0,28,1,3
1,0,42,1,13
1,0,59,0,2
1,1,39,0,1
1,1,46,0,5
1,1,55,0,2
1,0,35,1,1
1,0,43,1,0
0,1,53,0,0
0,0,21,0,0
1,0,55,1,17
1,0,27,1,1
1,0,40,0,0
0,1,37,0,0
1,1,32,1,2
1,0,32,0,2
1,0,36,1,4
0,0,31,0,0
0,0,26,1,4
0,1,50,1,30
1,0,47,0,4
1,0,36,0,2
0,1,38,0,0
1,1,53,0,0
1,0,53,0,2
1,0,57,0,19
1,0,22,1,5
1,0,21,1,0
1,0,26,1,0
0,0,24,0,1
1,0,27,0,2
0,1,49,0,4
1,1,47,1,1
1,0,30,1,8
1,1,44,0,3
1,0,34,0,1
1,0,45,1,10
1,1,50,0,2
1,1,29,0,1
1,1,26,0,0
0,0,22,1,1
1,1,49,0,0
1,0,49,1,1
1,1,59,0,2
1,1,32,0,6
1,0,24,1,1
1,0,32,0,0
1,0,27,1,9
1,1,25,0,2
0,1,62,1,2
1,1,20,1,0
1,0,37,0,18
0,1,30,1,5
1,0,23,1,1
0,0,20,0,0
1,1,29,1,7
1,0,24,0,1
0,1,54,0,1
1,0,66,0,3
1,1,50,0,8
1,0,50,0,7
1,1,40,0,3
0,0,30,1,4
0,1,24,0,2
0,0,23,1,3
1,1,54,1,3
1,1,25,0,4
1,1,46,0,1
0,1,22,0,0
0,1,32,0,1
1,0,25,1,0
1,0,22,1,3
1,0,33,1,16
0,1,49,1,0
1,0,30,0,10
1,0,33,1,4
1,0,24,0,0
1,0,33,1,12
1,1,37,0,0
0,1,40,0,0
1,1,27,0,1
1,0,43,1,9
1,1,26,0,11
1,0,35,1,5
1,0,25,1,11
1,0,61,1,1
1,1,53,1,1
0,0,52,0,1
1,1,26,1,7
1,0,39,1,1
1,0,47,0,5
0,1,52,0,6
1,1,37,0,0
0,0,24,0,0
0,0,34,0,14
1,0,24,1,5
1,1,25,1,1
1,1,31,0,3
0,1,62,0,0
1,1,23,1,0
0,1,60,0,0
1,1,35,0,0
0,0,24,0,0
0,1,56,1,1
1,1,30,0,0
1,1,41,1,17
1,1,35,1,4
0,1,28,0,0
1,0,23,0,1
1,0,56,0,0
1,0,23,1,2
1,1,23,0,1
1,0,21,1,0
0,0,21,0,3
0,0,35,0,2
1,1,33,0,3
1,0,41,0,9
1,0,24,0,0
1,0,28,1,9
1,0,49,0,3
1,0,21,1,0
0,0,27,1,3
1,0,32,1,4
1,0,50,0,4
0,0,23,0,0
1,1,34,0,0
1,0,25,1,4
0,1,33,1,2
0,1,29,1,11
0,0,32,1,6
1,0,52,0,3
0,1,26,0,3
1,1,31,1,2
1,0,25,0,5
0,1,30,0,0
1,0,20,1,0
0,0,29,0,2
1,1,31,0,0
0,1,54,0,12
0,1,37,0,1
1,1,49,1,8
0,0,33,0,1
1,0,20,0,1
1,0,42,0,0
1,1,44,1,0
1,0,28,1,5
1,0,32,1,4
1,0,28,1,7
1,1,38,0,0
1,0,38,0,3
1,1,21,0,1
0,0,34,0,0
1,1,21,1,1
1,0,36,1,1
1,0,29,1,0
1,0,34,1,3
1,0,38,0,1
1,1,36,0,0
1,0,23,0,0
1,1,47,0,0
1,0,20,0,0
0,0,25,1,2
1,0,35,0,0
0,1,30,0,1
0,1,28,0,1
1,1,30,1,2
0,1,45,0,3
1,0,24,1,2
1,0,22,0,0
0,0,42,1,0
1,0,24,1,8
1,0,60,0,12
1,0,33,0,6
1,0,34,1,2
1,1,24,0,4
1,0,27,1,0
1,0,29,1,4
1,1,21,1,1
1,1,30,1,10
0,1,42,1,0
1,0,32,0,1
1,1,30,0,3
1,0,22,1,1
1,1,20,1,0
1,1,57,0,0
1,1,51,1,3
1,0,21,0,0
1,0,22,0,0
1,0,35,1,4
0,1,54,0,1
1,1,58,0,2
0,1,32,1,0
0,0,39,1,22
1,1,30,1,9
1,0,20,1,0
0,1,45,0,5
1,0,31,1,4
0,1,53,0,1
1,1,44,0,0
0,1,44,0,1
1,1,21,1,0
1,0,28,0,0
1,1,28,0,2
1,0,24,1,0
1,0,28,0,0
1,1,53,0,4
1,0,20,0,1
1,0,21,0,0
1,1,37,1,1
1,1,30,0,0
1,1,26,1,2
0,0,26,1,5
0,0,39,0,1
1,0,44,0,2
1,1,45,0,0
1,0,30,0,1
1,1,23,1,6
1,0,37,0,1
1,0,42,0,0
0,0,20,1,0
1,1,65,0,2
1,1,54,0,4
1,0,47,1,7
1,0,39,1,5
1,1,26,1,0
1,1,29,1,7
1,1,51,1,7
1,0,44,0,0
1,1,49,0,12
1,0,22,1,0
1,0,32,1,4
1,0,27,0,0
1,1,30,0,0
1,0,20,1,2
0,1,51,0,5
1,0,27,1,4
1,0,32,1,0
1,0,43,0,2
1,1,37,0,2
1,0,26,1,0
1,0,32,1,17
1,0,26,0,0
0,0,58,0,4
0,1,22,0,1
1,0,26,1,6
1,0,21,1,2
1,1,31,1,0
1,1,43,0,2
1,0,23,0,0
1,1,25,0,0
1,0,22,0,6
1,0,30,0,6
1,0,25,1,15
1,0,20,1,0
1,0,31,1,3
1,0,33,1,1
1,0,59,0,1
1,0,53,1,8
1,1,34,0,2
1,1,36,0,6
1,0,23,0,0
1,0,32,0,2
1,0,32,1,11
0,1,66,0,1
0,1,24,0,0
1,0,30,1,7
1,0,28,0,1
1,1,43,1,4
1,0,35,0,3
1,0,19,1,2
1,0,22,1,1
1,0,29,0,0
0,0,23,0,0
1,0,62,0,15
0,1,33,0,0
1,0,35,0,1
1,1,53,0,0
1,1,59,1,17
0,1,48,0,0
0,0,33,0,1
1,1,44,0,0
1,1,31,1,10
1,0,28,1,2
1,0,23,1,0
1,1,26,0,0
1,0,22,0,3
1,0,29,0,0
1,0,20,1,2
1,1,44,0,0
1,0,41,0,2
0,0,28,0,4
1,1,27,1,1
1,1,31,0,7
1,1,23,1,5
1,0,33,1,16
1,0,26,1,3
1,0,20,0,0
1,1,55,1,2
1,0,36,0,0
1,0,23,0,1
1,0,34,1,19
0,1,59,0,1
1,1,37,1,0
0,1,28,1,0
1,0,20,1,1
1,0,31,0,0
0,0,38,1,14
1,0,33,1,0
1,0,27,1,3
1,1,25,1,2
0,0,42,0,2
1,0,22,1,3
1,1,57,0,15
1,1,45,1,1
0,0,21,1,1
1,1,52,0,2
1,1,29,0,0
0,0,37,0,0
1,1,34,0,0
1,0,53,1,0
0,0,30,1,8
1,1,28,0,1
1,0,21,0,1
1,0,22,0,1
1,1,42,1,1
1,0,26,1,3
1,0,54,0,9
1,0,30,1,20
0,0,26,1,1
1,0,41,0,0
1,1,23,1,5
1,1,43,1,1
1,0,22,1,0
0,1,27,1,6
0,0,42,0,2
1,0,25,1,8
1,0,49,0,4
1,0,26,1,7
1,1,52,0,1
0,1,60,0,2
0,0,23,0,0
1,0,30,0,2
1,0,48,1,9
1,0,32,1,2
1,0,24,1,5
0,0,26,1,3
1,0,22,1,3
1,0,44,0,2
1,1,32,0,3
0,0,27,0,1
1,0,52,1,15
1,1,61,1,3
1,0,69,0,3
0,1,21,0,1
1,1,31,1,2
1,0,19,1,3
1,0,24,1,12
1,1,24,1,3
1,1,30,0,6
1,0,43,1,4
1,0,24,0,4
0,1,30,0,7
1,0,25,1,5
0,1,56,0,1
1,0,21,0,1
1,0,31,1,6
0,0,23,0,1
1,0,30,1,15
1,1,64,0,0
0,1,21,1,0
1,0,36,0,5
0,0,50,0,1
1,0,23,1,0
0,1,25,0,5
1,0,28,1,7
1,1,54,1,14
1,1,25,1,5
1,1,63,1,0
1,0,35,0,2
1,0,20,1,9
1,0,25,1,8
1,1,33,0,0
1,0,29,0,7
1,0,37,1,12
0,1,20,1,3
1,0,32,1,1
1,1,72,0,1
1,1,38,0,0
1,1,40,0,0
1,1,23,0,0
1,1,21,1,5
1,1,27,1,4
1,1,55,1,13
0,1,41,0,0
1,1,56,0,1
1,1,55,0,11
1,0,28,0,3
1,0,56,0,3
1,1,53,0,0
1,0,27,1,6
1,1,22,1,0
0,0,22,1,0
1,0,33,1,7
1,0,34,0,15
1,0,32,0,12
1,0,47,1,14
1,0,25,1,14
1,1,56,0,0
1,0,28,1,4
1,0,20,1,2
0,0,29,0,11
1,1,72,0,3
0,0,24,1,2
1,0,45,0,3
1,0,30,1,7
1,0,45,0,0
1,1,47,0,0
1,0,24,1,0
1,0,20,1,0
1,1,51,1,6
0,1,49,1,2
1,1,41,0,5
1,1,49,0,1
0,1,34,1,2
0,0,28,0,0
1,1,33,0,2
1,0,46,0,0
1,0,21,0,0
1,0,26,1,14
1,0,58,1,24
0,0,20,1,2
1,0,28,1,0
1,1,21,1,0
1,0,34,0,3
1,0,32,1,15
1,0,38,1,10
1,0,22,0,0
1,1,42,1,2
0,1,57,0,0
0,1,56,0,1
1,0,30,0,11
1,0,29,0,2
1,0,46,1,15
1,0,36,0,5
0,0,24,0,0
0,0,70,0,1
0,1,45,0,1
0,0,39,0,6
1,1,25,0,6
0,1,32,1,1
1,1,46,0,0
1,1,28,1,0
1,0,27,0,1
1,1,43,1,11
1,1,56,1,5
1,0,30,1,9
1,1,29,0,1
1,0,54,1,8
0,1,20,0,0
1,0,29,0,0
1,0,24,1,8
1,0,45,0,2
1,0,31,1,5
1,1,23,1,0
1,0,21,1,0
1,1,61,0,0
0,1,51,1,5
1,1,43,0,9
1,0,36,0,0
1,1,58,1,3
1,0,57,0,12
1,0,37,0,2
1,0,44,0,6
1,1,28,0,9
1,0,45,1,8
1,0,26,1,13
1,1,34,1,9
1,0,25,0,0
1,0,31,1,8
1,0,43,0,1
1,0,30,0,0
1,1,50,0,0
0,0,31,0,2
0,1,33,0,7
1,0,32,1,1
0,1,46,1,0
1,0,37,1,8
0,1,32,1,6
0,0,23,1,2
1,1,21,0,0
1,1,49,0,2
1,1,55,1,3
1,0,22,0,0
0,0,31,1,7
1,1,22,1,0
1,0,28,0,5
1,0,21,1,1
1,0,30,1,21
1,0,22,1,13
1,0,35,1,23
1,0,28,0,11
1,0,24,0,1
1,0,44,0,9
1,0,32,1,24
1,0,29,1,5
0,0,24,0,1
1,0,57,0,19
1,1,28,0,0
1,1,51,0,0
1,0,34,1,6
1,0,26,1,0
1,0,20,1,0
1,0,25,0,6
1,1,19,1,0
1,1,49,1,1
1,0,57,0,27
0,0,27,0,0
1,1,66,0,1
0,0,25,1,4
1,1,21,0,0
1,1,45,0,1
1,0,38,1,6
1,0,37,0,24
1,1,44,1,13
1,0,64,0,0
1,0,30,1,1
1,0,61,0,1
0,1,49,0,8
1,0,23,0,0
1,0,33,0,14
1,1,21,1,0
0,1,30,1,2
1,0,27,0,2
1,1,38,0,1
1,0,48,1,14
1,1,26,0,0
1,0,24,1,4
0,0,28,1,2
0,1,44,1,4
1,1,23,0,2
0,1,34,1,1
1,1,20,1,1
0,0,36,0,0
1,1,58,0,1
1,0,25,1,7
1,1,46,0,5
0,1,35,0,4
1,0,23,0,3
1,1,40,0,1
1,0,23,1,3
1,1,27,1,0
0,0,26,0,3
1,0,49,0,1
1,0,47,0,6
1,0,34,1,7
1,0,27,0,10
0,1,52,0,0
1,0,26,1,0
1,0,25,0,9
1,0,51,0,1
0,0,29,0,1
1,1,46,0,0
1,1,28,0,6
1,0,57,0,0
1,0,34,1,27
1,0,27,0,3
1,0,25,1,7
1,1,31,1,1
1,0,37,0,8
1,0,51,1,0
1,0,28,0,8
1,1,56,0,4
1,0,45,1,15
1,1,26,1,7
1,1,33,1,7
1,1,23,0,0
1,0,31,0,0
1,1,32,0,0
1,1,30,1,1
1,1,66,0,1
0,0,40,0,0
1,0,59,0,4
1,0,25,0,5
1,0,27,0,3
1,0,22,0,0
1,1,58,0,1
1,1,29,0,2
0,1,44,1,11
1,0,24,0,2
1,0,27,1,0
0,0,34,1,5
1,1,24,0,0
0,1,35,0,3
1,0,29,1,7
1,0,30,1,5
1,0,23,0,1
1,1,32,1,2
1,1,22,0,2
1,0,21,0,0
0,1,43,0,0
1,0,29,0,0
1,0,43,0,1
1,0,25,0,1
1,1,47,0,0
0,0,21,0,0
0,0,25,0,1
1,1,54,0,0
1,0,34,1,3
0,0,28,0,2
0,1,53,1,4
1,0,54,0,0
1,0,34,0,2
0,1,60,1,0
1,0,22,0,0
1,0,51,0,3
1,0,29,1,0
0,0,28,0,1
1,1,36,0,6
1,0,28,0,5
1,1,33,1,0
1,1,43,0,4
1,1,32,1,5
0,0,35,1,0
1,0,23,1,1
1,0,25,1,4
1,1,69,1,6
1,0,21,1,3
1,0,47,1,23
1,0,29,1,13
1,1,36,1,14
1,0,26,1,9
1,0,32,1,8
0,1,27,1,3
1,1,28,0,0
1,1,48,1,1
1,1,23,1,2
1,1,44,0,0
1,0,42,0,7
1,0,39,0,5
1,1,55,0,0
1,0,27,1,5
0,1,31,0,0
1,0,25,0,0
1,1,32,0,6
1,0,36,0,2
1,0,21,1,3
1,1,39,0,2
0,0,26,0,0
1,0,28,1,8
1,1,67,1,2
1,1,37,0,3
1,0,23,1,2
0,0,49,1,14
1,1,32,1,9
1,1,41,0,9
1,0,25,0,1
1,1,58,0,0
1,0,44,1,19
1,0,28,0,1
0,0,39,1,0
1,1,54,0,0
1,1,43,0,0
1,0,31,0,5
1,0,30,0,11
1,1,27,1,4
1,0,28,1,0
1,0,24,0,0
1,1,43,0,0
1,0,44,1,10
1,0,51,0,4
1,0,31,0,1
1,0,23,0,0
1,0,26,1,8
1,1,36,1,5
1,1,27,0,1
1,0,24,1,0
1,1,66,0,0
0,1,36,0,3
1,1,23,1,1
0,0,22,1,0
1,0,56,0,4
1,1,29,1,10
0,0,58,0,3
1,1,24,0,3
1,0,22,1,0
1,1,39,0,0
1,1,46,1,10
1,1,38,1,1
1,1,23,1,0
1,0,25,0,0
1,0,31,1,19
0,0,25,1,1
1,0,26,0,6
1,0,25,0,2
1,1,37,1,11
1,0,36,0,0
1,0,26,1,1
1,0,35,1,7
1,0,22,1,2
1,1,25,0,0
1,0,24,1,2
1,0,21,1,0
1,1,32,1,15
1,0,33,1,2
1,0,33,1,10
0,0,23,1,4
1,1,29,0,0
1,1,50,0,8
1,1,32,1,5
1,0,33,1,14
1,0,37,1,13
1,0,27,1,9
1,0,27,0,0
0,0,52,1,21
1,0,58,0,1
1,0,27,0,4
1,0,28,1,5
1,1,28,1,1
0,1,31,0,0
1,1,30,1,11
1,0,24,0,3
1,0,26,1,6
1,1,43,0,0
1,0,31,1,2
1,0,22,1,3
1,0,23,0,0
1,1,42,0,0
1,0,30,0,18
1,0,29,0,1
1,1,38,1,2
1,1,26,0,3
1,0,51,0,5
1,0,23,1,0
1,0,34,1,7
1,0,35,0,1
1,1,22,0,0
1,0,29,1,10
1,0,40,0,0
1,0,36,0,2
1,0,26,1,8
1,0,25,1,1
1,1,69,0,0
1,0,27,0,1
1,1,20,1,0
1,0,27,0,1
0,0,24,0,6
1,1,42,0,0
1,1,25,0,1
1,1,46,1,1
1,0,25,0,0
1,0,22,0,0
1,1,21,0,0
1,0,30,0,1
1,1,46,0,9
1,0,26,0,2
1,0,33,1,0
1,0,40,0,1
1,1,34,0,0
1,1,22,1,1
1,0,31,1,4
1,1,59,1,3
1,0,50,0,0
1,0,57,1,8
1,0,31,0,5
1,0,44,0,9
1,0,48,1,5
0,1,25,0,0
1,0,51,0,5
1,1,50,1,0
1,1,57,0,2
1,1,55,0,0
1,0,59,1,4
0,0,42,0,0
1,0,58,0,16
1,0,32,1,21
1,0,42,0,1
1,0,29,1,8
1,0,21,0,1
1,1,31,1,1
1,1,58,0,0
1,0,22,1,1
1,1,46,1,1
1,1,50,1,0
1,0,46,0,2
0,0,44,1,11
1,0,35,0,4
1,0,30,1,14
1,0,42,0,2
1,0,46,1,5
1,0,42,1,0
1,0,37,0,12
1,1,29,1,7
1,0,32,0,8
0,0,33,0,1
1,1,25,0,4
0,0,33,0,0
0,1,64,0,7
1,1,35,1,1
1,0,56,0,1
1,1,38,1,0
0,0,40,0,4
1,0,34,0,3
1,0,28,0,4
1,0,51,0,0
1,0,35,0,2
1,0,61,0,5
1,0,25,0,0
1,0,25,1,4
1,0,26,0,0
1,1,42,0,1
0,0,25,0,1
1,0,26,1,13
1,0,31,0,9
1,1,35,0,1
0,0,41,1,4
1,1,34,0,0
1,1,46,0,5
0,1,33,0,1
1,0,30,0,3
0,0,50,0,7
1,0,21,0,0
1,0,31,1,2
0,0,23,0,0
1,0,25,0,1
0,1,24,0,1
1,0,31,1,13
1,0,60,0,0
1,0,30,0,2
1,1,46,0,0
1,1,21,1,0
1,0,35,0,0
0,0,40,0,7
1,0,23,1,1
1,0,23,1,3
1,0,28,0,2
1,1,46,0,2
1,0,56,0,1
1,0,41,0,19
1,0,24,1,1
1,0,25,0,7
0,1,33,0,0
1,1,48,0,2
1,0,33,1,11
1,1,25,1,6
1,0,58,1,38
1,0,30,1,7
0,1,43,0,7
1,1,32,0,0
1,1,49,0,4
1,1,24,0,0
1,0,26,0,1
1,1,42,0,0
1,0,22,1,1
1,1,29,1,7
1,1,39,0,0
1,0,27,1,13
1,1,38,1,2
1,1,20,1,0
1,0,25,1,4
1,1,53,0,0
0,0,27,1,0
1,1,50,1,1
1,0,41,0,4
1,0,34,1,4
1,1,22,1,5
1,1,22,1,0
1,0,25,0,2
1,0,42,1,1
0,1,27,0,2
1,0,33,1,23
1,0,24,0,0
1,0,37,0,4
1,1,37,0,0
1,0,35,1,1
0,1,24,0,0
1,1,49,0,2
1,0,38,0,9
0,0,30,0,0
1,0,22,0,3
1,0,25,1,0
1,1,52,0,0
1,1,26,0,0
1,0,29,0,6
1,1,45,1,9
1,0,20,1,0
1,0,29,0,4
1,1,43,1,1
1,1,26,0,2
0,0,46,0,4
0,0,46,0,0
1,1,39,0,8
1,0,29,1,12
1,1,41,0,0
1,0,29,1,11
0,0,25,0,5
1,0,23,0,2
0,0,46,1,1
1,1,30,0,0
1,1,34,0,1
1,1,70,1,11
1,1,52,0,2
1,0,51,0,4
1,0,55,1,21
0,1,49,0,1
0,0,26,1,9
0,1,47,0,0
1,0,27,0,0
1,1,25,1,5
1,0,21,1,1
1,0,37,1,26
1,0,21,1,1
1,0,21,0,0
1,0,25,1,4
0,0,27,1,3
1,1,30,1,3
1,1,70,0,0
1,1,37,1,11
1,0,46,1,5
1,0,20,1,1
1,0,43,1,18
1,0,38,0,15
1,0,29,0,0
1,0,37,1,8
0,1,27,0,0
1,1,31,0,6
1,0,29,1,3
1,1,48,1,13
0,0,30,0,0
0,1,25,1,2
1,0,40,0,3
0,1,49,0,3
1,1,33,0,1
1,1,26,1,5
1,1,61,0,1
1,1,30,0,2
1,1,62,0,0
0,1,27,1,4
1,1,48,0,9
0,1,40,0,0
1,1,24,0,0
1,0,22,1,0
1,0,30,1,4
1,1,63,0,0
1,0,33,0,4
0,0,21,1,1
1,1,43,1,0
1,0,26,1,3
1,0,51,0,1
1,1,39,1,3
1,0,32,1,14
1,0,22,0,0
1,1,59,0,0
1,0,38,1,37
1,0,23,0,2
1,0,42,1,0
1,0,20,1,1
1,0,38,1,2
0,1,34,0,2
0,0,36,1,7
1,1,35,1,7
1,0,36,1,0
1,0,31,0,1
0,0,28,1,3
1,0,28,1,1
1,1,60,0,3
1,0,43,0,0
1,0,40,0,1
1,0,31,1,15
1,0,54,1,6
1,0,24,1,17
1,0,21,1,1
1,0,22,0,0
0,0,45,0,1
1,0,29,1,1
1,0,46,1,10
1,1,21,0,1
1,1,35,1,6
1,0,52,1,1
1,1,48,0,0
0,0,29,1,9
1,1,48,0,0
1,0,31,1,10
1,1,21,1,3
1,0,47,0,0
1,0,21,1,3
1,0,35,0,13
1,0,46,1,3
1,0,34,1,5
1,0,52,0,2
0,0,39,0,7
1,1,21,1,0
1,1,53,0,1
0,1,19,1,0
1,0,22,0,0
1,0,45,0,1
0,1,27,0,0
1,1,25,0,0
1,1,30,1,0
1,0,31,1,2
1,1,28,0,3
1,0,36,1,3
1,0,27,1,7
1,0,42,0,1
1,1,35,1,0
0,1,33,0,2
1,0,25,1,21
0,1,42,0,0
1,0,21,1,0
0,0,28,0,0
1,0,27,1,25
0,1,21,0,0
1,1,26,1,0
1,1,36,0,0
1,0,23,1,1
1,1,49,1,0
1,0,29,1,11
1,1,44,1,0
1,1,28,0,1
1,0,27,1,2
0,0,35,1,12
1,0,36,1,19
1,1,46,0,2
1,0,34,0,3
1,0,45,1,15
1,0,28,1,9
0,0,25,0,1
1,0,21,0,1
1,0,48,0,1
1,1,37,0,1
1,0,24,1,3
1,1,37,1,1
1,1,39,0,1
1,1,24,1,1
1,0,23,1,1
1,1,36,1,4
1,1,43,0,5
1,0,28,1,6
0,0,21,1,4
1,0,53,0,1
0,0,27,1,2
1,1,39,0,0
1,0,47,1,22
1,0,28,1,4
1,1,36,0,2
0,0,24,0,1
1,0,23,0,3
1,0,26,0,2
1,0,31,1,7
0,0,30,1,14
1,1,25,0,2
1,0,24,1,6
1,0,26,0,2
1,0,26,0,7
0,0,20,0,0
1,1,36,1,10
1,1,23,0,0
1,0,26,1,5
1,1,40,0,4
1,0,46,1,8
1,0,19,1,1
1,1,53,0,1
1,1,56,0,5
0,0,24,0,0
0,1,33,0,2
1,1,26,1,8
1,1,56,0,1
1,1,32,0,2
1,1,25,1,0
1,0,21,0,1
1,0,38,0,3
1,1,23,0,0
1,1,20,1,0
0,1,39,1,4
1,0,24,1,1
1,0,49,0,3
1,0,31,1,7
1,0,20,1,1
1,1,28,0,0
1,1,67,0,3
1,1,40,0,4
1,0,52,0,0
1,0,45,1,17
1,0,27,1,8
1,1,22,0,1
1,1,36,0,9
1,1,40,1,0
1,1,30,1,1
1,0,42,0,1
1,0,24,1,2
1,1,46,0,4
1,0,38,0,4
1,1,26,0,0
1,1,54,1,1
1,1,61,0,1
1,0,51,1,1
1,1,57,0,0
1,1,24,1,3
1,0,34,0,1
0,0,28,1,10
1,0,35,1,10
1,0,30,1,6
1,0,44,0,0
1,1,61,0,10
1,0,26,1,1
1,0,48,1,10
1,0,42,0,4
1,1,38,1,10
1,0,39,0,4
0,1,53,0,0
1,0,26,0,3
1,0,22,1,1
1,1,50,0,0
1,1,44,0,16
1,0,24,1,4
1,0,21,1,0
1,1,50,0,0
0,1,36,0,0
1,1,39,0,0
0,0,24,0,2
0,0,54,0,7
1,0,29,0,0
1,1,26,0,0
1,0,41,1,3
1,0,23,1,1
1,1,34,0,0
1,1,31,1,11
1,0,20,0,0
1,0,49,1,10
1,0,26,1,4
1,0,28,1,1
1,0,26,0,0
1,0,55,0,1
1,0,22,0,0
0,0,26,0,0
1,1,66,0,1
1,0,58,1,16
1,0,28,0,4
1,0,33,0,8
0,0,31,0,0
1,0,26,0,1
0,1,41,1,12
1,1,34,0,0
0,0,32,0,0
1,0,37,1,9
1,0,50,0,1
1,1,35,0,1
0,1,47,1,0
0,0,52,0,8
1,0,26,1,5
1,0,45,1,13
1,0,41,1,8
1,0,24,0,0
1,0,21,0,1
1,1,54,0,0
1,1,49,0,0
1,1,42,0,1
1,0,21,1,1
1,0,61,0,30
1,1,46,1,5
1,1,74,0,0
0,0,39,0,1
0,0,38,0,0
1,0,19,1,1
1,1,28,1,0
1,0,25,1,1
1,1,53,0,1
1,0,23,0,2
1,1,55,1,33
0,1,64,0,1
1,0,23,1,1
1,0,23,1,4
1,0,34,0,0
1,0,26,0,1
1,1,44,0,4
0,1,27,0,0
1,1,28,0,14
1,1,55,0,1
0,0,22,0,2
1,0,36,0,15
1,0,29,1,6
1,0,23,0,1
1,0,56,0,1
1,1,27,1,2
1,1,37,0,1
1,0,32,1,1
1,0,41,1,18
1,0,22,1,1
1,1,37,1,1
1,0,45,0,3
0,0,31,0,14
1,0,42,1,7
1,0,26,1,20
1,1,33,1,0
1,1,22,1,0
1,1,32,1,2
0,0,36,0,1
1,1,54,0,0
1,0,25,1,5
1,1,24,1,3
1,1,61,0,0
0,1,42,0,0
1,1,28,1,1
1,0,27,0,1
1,1,24,0,2
1,0,33,0,14
1,0,32,1,16
1,1,38,0,0
1,1,21,0,1
1,0,27,1,1
1,1,39,0,0
1,1,29,0,0
1,1,29,0,1
1,1,65,0,6
1,1,36,1,1
1,0,46,1,0
1,0,44,0,7
1,0,27,0,0
1,0,27,1,8
1,1,61,0,0
1,0,47,1,0
1,0,27,0,1
1,1,28,1,0
0,1,31,1,1
1,1,26,1,9
1,0,53,1,2
1,0,26,1,1
1,0,25,0,2
0,0,21,1,4
1,0,23,0,1
0,0,45,0,2
1,0,27,1,2
1,0,57,1,6
1,1,44,1,8
0,0,26,0,0
1,1,21,1,0
0,1,62,0,0
1,1,48,0,0
1,0,53,0,1
1,0,62,1,3
1,0,28,0,5
1,1,56,0,1
1,0,22,1,2
1,0,26,1,5
1,0,35,0,4
1,0,22,1,1
0,0,37,0,7
0,0,32,0,0
0,0,33,1,3
1,1,53,0,0
1,1,32,0,0
1,1,26,0,0
1,1,61,0,0
1,0,21,0,0
1,0,69,0,22
1,0,26,0,0
1,0,30,1,9
1,1,21,0,1
1,1,41,0,0
1,0,45,1,0
1,0,31,1,10
1,1,22,0,0
0,1,54,1,0
1,1,50,1,2
0,0,21,1,0
1,1,30,1,0
1,1,53,0,2
1,0,30,1,11
1,1,26,0,5
0,0,30,1,1
0,0,59,0,0
1,0,29,1,13
1,1,30,1,13
1,0,25,1,5
1,0,22,0,0
1,0,41,1,8
0,0,37,0,13
1,0,22,1,0
1,0,19,1,0
1,1,45,0,2
0,0,33,1,5
1,0,52,0,7
0,0,21,0,0
1,0,43,1,6
1,1,33,0,3
1,0,26,1,3
1,1,37,0,0
1,0,38,1,1
1,0,27,1,1
1,0,21,0,1
1,1,38,1,3
1,1,37,0,0
1,1,44,0,0
1,0,30,0,0
1,1,49,0,1
1,1,67,0,0
1,0,59,1,14
1,0,21,1,1
1,1,31,0,6
0,1,50,1,2
1,0,30,0,7
1,1,28,0,1
1,0,48,1,7
1,1,55,0,0
1,1,42,0,0
1,0,34,1,0
1,0,43,1,4
1,0,44,0,0
1,1,25,0,0
1,1,25,1,2
0,0,32,1,0
1,0,35,1,10
1,0,24,1,1
1,0,34,1,0
1,0,48,1,2
1,0,41,0,1
1,0,26,1,12
1,0,42,1,0
1,0,29,0,0
1,1,26,0,0
0,0,27,0,1
1,1,35,0,4
1,1,54,0,1
1,0,24,1,3
1,0,20,0,0
1,1,27,0,0
1,0,21,0,1
1,1,27,1,7
1,0,34,1,11
1,1,27,0,4
1,0,54,0,0
1,0,39,0,1
0,1,33,0,0
0,0,25,1,2
0,0,35,0,0
1,0,53,0,0
1,1,28,0,2
1,0,26,0,0
1,0,30,0,1
1,0,31,0,3
1,1,24,1,3
1,1,45,1,19
1,0,28,0,1
0,1,45,1,1
1,1,33,1,3
1,1,23,1,4
1,0,36,0,6
1,0,22,0,0
1,0,28,1,2
1,0,37,0,3
0,1,52,0,0
1,1,26,0,0
1,1,28,1,4
0,1,33,0,2
1,1,23,1,3
1,1,31,1,3
0,1,55,0,0
1,1,24,1,3
1,0,37,0,2
1,0,41,0,0
1,1,26,0,0
1,0,41,0,13
1,0,33,0,6
1,0,23,0,0
1,1,27,0,1
1,1,24,1,0
1,0,30,0,10
1,1,55,0,1
1,0,26,1,13
0,0,41,0,6
1,0,35,0,0
1,0,26,1,4
1,0,20,0,1
1,1,24,1,3
1,0,31,1,8
1,0,55,1,0
1,1,33,1,7
1,1,44,1,6
1,0,41,1,25
1,0,56,0,9
1,0,21,0,1
1,0,36,1,1
0,1,48,0,1
1,1,27,1,6
1,1,56,1,7
1,1,39,0,2
0,1,25,0,0
1,1,51,0,1
0,0,28,0,3
1,0,30,1,0
0,0,19,1,0
1,0,20,1,0
1,1,57,0,0
1,0,51,1,8
1,0,27,1,5
1,0,26,0,0
1,1,23,1,3
1,0,35,1,14
1,0,37,0,5
1,0,48,0,0
1,0,21,0,0
1,0,19,1,3
1,0,21,1,1
1,0,52,0,1
1,0,23,1,5
1,0,22,1,0
1,0,19,1,1
1,1,41,1,1
0,1,25,1,1
1,0,54,1,0
1,0,25,1,13
0,1,40,0,4
1,0,22,0,0
1,1,50,0,10
1,1,35,0,2
1,1,28,1,7
1,0,21,0,0
1,1,27,0,0
1,0,22,1,0
1,0,32,1,26
1,1,32,0,0
1,1,59,0,0
1,1,30,1,19
1,1,59,0,0
0,1,44,1,1
1,0,26,1,9
1,0,30,1,9
1,0,25,1,3
1,0,40,0,7
0,0,31,1,0
0,0,32,0,0
1,0,37,1,22
1,1,22,0,2
1,0,38,1,8
1,1,34,0,2
1,0,30,0,7
0,1,38,1,0
1,0,36,1,10
1,1,35,1,2
1,0,35,0,0
0,0,30,1,9
1,0,34,1,16
1,1,31,1,3
1,1,31,1,4
1,1,22,1,2
1,0,36,1,5
1,0,39,0,2
1,0,51,1,9
1,0,35,1,7
1,0,30,1,1
1,1,43,1,3
1,0,37,0,0
1,0,25,0,3
0,0,27,0,0
1,1,47,0,2
1,0,46,0,12
1,1,27,0,0
1,0,34,1,0
1,0,30,1,4
1,1,25,0,0
1,0,26,0,5
1,0,25,1,1
1,0,60,0,9
1,0,30,1,12
1,0,21,0,0
1,0,25,1,4
1,1,53,0,1
1,0,21,1,0
1,0,29,0,4
0,0,24,1,2
1,1,51,0,2
1,0,29,0,1
1,1,20,1,0
1,1,53,0,1
1,0,25,0,5
1,0,22,1,3
1,0,21,0,1
1,1,21,1,1
1,0,27,1,6
1,0,28,1,14
1,0,49,1,6
1,0,52,1,7
1,0,25,0,1
1,1,56,0,2
1,0,34,0,22
1,0,23,1,1
1,1,22,0,0
1,0,23,1,0
1,0,30,0,4
1,0,42,1,1
1,0,50,1,24
1,1,54,1,12
1,0,37,0,0
1,0,23,0,1
1,1,41,0,0
1,0,50,0,5
1,0,26,1,2
1,0,23,1,2
1,1,55,1,1
1,0,24,1,0
1,1,33,1,5
1,1,23,0,0
1,0,37,1,1
1,1,51,0,0
0,0,35,1,3
1,0,29,0,2
1,1,57,0,0
1,0,20,1,1
1,1,37,1,1
1,0,23,1,3
1,1,36,1,9
1,1,55,0,1
1,0,53,1,18
1,0,21,1,1
1,0,27,1,3
1,0,28,1,6
1,1,26,1,1
1,1,25,0,1
1,1,66,0,0
1,0,28,0,3
1,0,21,1,0
1,0,24,0,0
1,1,60,1,18
1,0,37,1,2
1,1,73,0,0
1,0,44,0,0
1,0,40,0,6
0,0,28,1,0
1,1,56,1,0
1,0,42,0,3
1,1,32,1,11
1,1,50,0,1
1,1,34,0,0
1,0,47,1,1
1,1,58,0,3
1,1,48,0,3
0,1,20,0,0
0,0,53,1,10
1,0,29,0,0
0,1,43,0,0
1,1,53,1,1
1,1,22,0,0
1,1,26,1,9
1,0,23,1,4
1,1,71,0,1
0,1,61,0,0
0,1,22,0,2
1,0,29,1,1
0,1,54,0,1
1,1,24,0,6
0,1,28,0,0
0,1,25,0,2
0,0,22,0,1
1,0,24,1,2
1,0,35,0,0
1,0,21,0,0
1,1,49,0,1
1,0,26,1,6
1,0,30,1,7
1,0,30,1,5
1,0,21,0,1
1,1,64,0,8
0,0,26,0,1
0,1,45,1,7
1,0,37,0,3
0,0,34,1,1
1,1,58,0,0
1,1,27,0,0
1,0,30,1,0
1,0,25,0,0
1,0,60,1,19
1,0,56,0,24
1,0,33,0,2
1,1,25,1,9
1,0,47,0,15
1,0,32,1,6
1,0,24,1,3
1,1,23,1,2
1,0,25,1,1
0,0,20,0,0
1,0,32,0,9
0,0,49,0,0
1,0,22,0,1
1,0,24,0,0
1,1,26,1,10
0,0,20,1,1
1,0,29,1,1
1,0,18,1,2
1,1,22,0,0
0,0,26,0,3
1,0,21,1,0
1,1,54,0,2
1,0,59,0,1
1,0,22,1,0
1,0,64,0,20
1,1,45,1,1
0,0,22,0,0
1,0,24,1,5
0,0,30,1,3
0,1,27,0,0
1,1,20,0,0
1,1,28,1,5
1,1,23,1,3
0,0,32,0,0
0,1,44,0,1
1,0,41,0,8
1,1,30,0,3
1,0,27,1,2
1,0,32,1,0
1,0,40,1,24
1,0,23,0,1
0,0,33,0,3
1,1,33,0,3
1,1,33,0,0
1,0,41,1,2
1,0,28,0,9
0,0,25,1,0
0,0,30,0,1
0,0,47,0,0
1,1,24,1,0
1,1,37,0,5
1,1,31,1,9
0,1,30,0,1
1,0,52,1,0
1,0,25,1,5
0,0,46,0,7
1,1,62,0,3
1,1,36,1,0
1,0,24,1,2
1,1,25,0,9
1,0,21,1,0
1,0,29,1,5
1,0,52,1,0
1,0,29,0,5
1,0,59,1,13
1,0,39,0,2
1,0,20,1,1
1,1,50,0,0
1,0,27,1,7
1,0,27,0,0
1,1,31,1,4
0,0,32,0,2
0,0,24,0,2
1,0,24,1,4
1,1,30,1,0
1,0,21,0,2
1,1,41,0,0
1,0,32,1,2
1,1,27,0,5
1,1,69,1,0
1,1,25,0,1
1,1,55,1,0
1,0,28,1,7
1,1,27,1,0
0,0,20,1,1
1,0,36,1,2
1,0,25,1,10
0,1,35,0,1
1,0,32,1,12
1,1,21,0,1
1,1,41,0,1
1,0,38,0,0
1,0,21,1,1
1,1,31,0,10
1,1,35,1,2
1,0,34,0,5
1,1,52,0,0
1,0,21,0,0
1,0,43,0,8
0,1,32,0,0
1,1,49,1,5
0,0,21,0,0
1,0,28,1,5
0,1,65,0,1
0,1,27,0,0
1,1,48,1,20
1,0,25,0,1
1,0,20,1,0
1,0,63,0,6
1,1,40,0,0
1,0,21,1,1
1,1,27,0,1
1,1,35,1,0
1,0,32,1,9
0,0,50,0,0
1,1,47,0,0
1,1,44,0,2
1,0,23,0,0
1,0,54,0,10
1,0,21,1,1
1,1,38,0,17
1,1,44,1,2
1,0,52,1,3
0,1,52,1,0
1,0,21,1,0
1,0,31,0,4
0,1,30,1,9
0,0,39,0,1
1,0,56,0,6
1,0,35,1,12
1,1,39,0,1
1,1,29,0,0
1,0,23,1,2
1,1,26,0,0
0,0,64,1,1
0,0,51,0,10
1,1,20,1,1
1,0,21,1,0
1,0,21,0,0
1,0,23,0,0
1,0,46,0,3
1,0,25,1,21
1,0,34,0,12
0,0,30,0,0
1,1,47,0,1
1,1,30,0,4
1,0,47,0,1
1,0,42,1,33
1,0,39,1,1
1,1,50,1,11
1,1,24,0,1
1,1,45,0,3
1,1,26,1,2
1,1,39,0,3
1,1,40,0,1
1,0,24,0,0
1,0,23,0,1
1,1,61,0,0
1,1,42,1,3
1,0,38,1,3
1,1,67,1,0
1,1,23,0,2
1,1,31,1,1
1,0,40,0,15
1,0,44,0,0
1,0,37,1,10
0,0,22,0,3
1,1,31,1,6
1,0,28,1,9
1,1,33,0,9
0,0,30,1,10
1,1,56,0,7
1,0,35,1,0
1,0,57,1,23
0,1,39,1,8
1,1,65,0,3
0,1,22,0,0
0,0,35,0,2
1,0,29,1,2
1,1,37,1,2
1,0,62,1,13
1,0,22,1,5
1,0,31,0,6
1,0,22,1,0
0,0,56,0,1
1,1,25,0,2
1,1,33,0,10
1,1,25,0,2
0,0,27,0,3
1,0,37,0,1
1,1,41,0,2
1,0,35,0,5
1,1,55,0,0
1,0,26,1,2
1,0,35,0,7
1,1,50,1,3
1,0,25,1,3
0,1,65,1,1
0,0,31,1,0
0,0,24,0,0
1,0,34,1,6
0,0,30,0,4
1,0,30,1,14
1,1,24,0,1
1,1,51,1,3
0,0,28,0,3
0,0,27,1,4
1,1,22,1,2
1,0,29,1,2
1,0,31,0,0
1,1,31,0,0
0,0,32,0,3
1,0,27,1,1
1,1,29,1,6
1,0,59,0,3
1,0,24,1,1
0,1,27,0,1
1,0,33,0,0
1,1,28,1,9
1,0,24,1,9
1,0,31,1,16
1,0,24,0,0
1,0,23,1,7
1,1,62,0,0
0,0,25,1,4
1,0,49,0,1
1,1,50,1,0
1,0,47,1,3
1,0,37,0,14
1,1,26,0,0
1,0,28,0,21
0,0,26,1,3
1,0,25,0,1
1,0,20,1,1
1,0,34,1,9
1,0,46,1,9
1,0,21,1,0
0,1,27,1,2
1,0,21,1,3
1,1,29,0,1
1,1,46,0,4
1,0,24,0,0
1,0,57,1,8
1,0,33,1,4
1,0,23,1,4
1,0,29,0,5
1,1,22,1,0
0,1,33,1,1
1,0,40,1,3
1,0,32,1,10
1,0,68,0,1
1,0,24,0,1
1,0,32,0,1
1,0,19,1,2
1,0,23,1,6
1,1,39,1,17
1,0,25,0,1
1,0,42,1,6
1,1,29,0,1
1,1,38,0,2
1,1,32,1,10
1,1,23,1,4
1,0,58,1,10
1,0,42,1,9
1,1,26,1,1
1,1,27,0,1
1,1,33,0,1
1,0,33,1,2
1,0,23,1,0
1,0,25,1,4
1,0,32,1,0
0,1,29,0,0
1,0,38,1,19
1,1,29,0,0
1,0,27,1,6
1,1,25,1,0
0,1,31,1,2
1,0,30,1,8
1,0,41,0,0
1,0,59,0,8
1,1,21,1,1
0,0,33,1,6
1,0,27,1,6
1,0,30,0,0
1,1,43,0,4
0,1,24,0,2
1,0,45,1,13
1,1,23,1,0
0,1,40,0,5
0,0,23,0,0
1,0,39,0,3
0,0,26,1,5
0,1,26,0,0
1,0,21,0,0
1,1,30,0,3
1,1,44,0,0
1,0,21,1,1
1,0,23,0,0
0,0,49,0,1
1,0,23,1,3
1,0,24,1,1
0,0,21,1,1
0,1,37,1,7
1,1,28,1,2
1,1,42,0,2
0,0,24,1,2
1,1,31,0,0
1,0,24,1,2
1,0,25,0,1
1,0,33,1,1
1,0,26,1,24
1,0,27,0,1
1,1,26,0,3
1,1,46,0,0
0,1,38,1,1
0,0,24,0,0
0,0,38,0,0
1,0,27,1,7
1,0,48,0,6
0,1,31,1,2
1,0,28,1,5
1,1,25,1,6
1,0,27,1,8
1,1,55,0,0
1,0,40,1,5
1,0,21,1,0
1,1,50,1,26
1,0,28,1,10
1,0,20,1,2
1,0,31,1,10
0,0,57,0,0
1,0,25,0,0
1,0,22,1,7
1,0,31,1,3
1,0,43,0,7
0,1,25,0,0
1,0,40,0,1
1,0,20,1,0
1,0,35,0,2
1,0,34,1,1
1,1,27,1,18
0,0,38,1,3
1,1,21,1,0
1,0,25,1,0
1,0,53,1,6
0,0,50,0,4
0,1,23,0,1
1,0,27,1,2
1,1,27,1,0
1,0,29,1,5
1,0,38,0,1
0,1,54,0,2
1,0,26,1,1
1,0,37,1,23
1,0,36,1,25
1,0,28,1,18
1,0,49,0,1
1,0,36,0,11
0,1,41,0,0
1,1,40,0,9
1,1,29,0,8
1,0,21,1,7
1,1,33,0,0
1,0,26,0,7
0,0,27,1,0
1,0,35,0,1
1,0,27,0,3
0,0,31,0,3
1,0,36,1,26
1,1,50,0,1
1,1,52,0,1
1,0,24,0,1
1,0,38,0,0
1,0,54,0,11
1,1,71,0,13
1,0,27,1,9
0,1,39,0,1
1,0,46,1,8
0,0,36,1,5
1,0,55,0,0
1,1,27,0,0
1,0,23,1,2
1,0,20,1,1
0,0,31,0,10
1,1,24,0,8
0,1,37,1,2
1,0,25,1,0
1,1,26,0,0
1,1,29,0,0
1,0,41,1,4
1,0,37,1,0
1,1,46,0,2
0,1,56,1,10
1,0,23,1,0
0,0,23,1,1
1,0,25,1,0
1,0,24,1,1
1,0,35,0,27
1,1,24,1,2
1,0,23,1,0
1,1,43,0,2
0,1,53,0,0
1,0,24,1,1
1,0,28,0,0
1,1,21,0,1
1,1,33,1,3
0,0,35,0,1
1,1,55,0,3
1,0,28,0,0
1,1,44,1,0
0,1,48,0,2
1,0,19,1,3
1,0,24,1,3
1,1,50,0,2
1,0,31,0,0
0,1,28,1,0
1,1,42,0,0
1,0,21,1,0
1,1,21,1,0
1,1,31,1,3
1,1,27,1,0
1,1,75,1,1
1,0,28,1,7
1,1,67,0,0
0,0,32,0,11
1,0,44,0,7
1,0,25,1,1
0,0,30,1,15
1,1,28,0,9
1,0,27,1,0
1,0,36,0,4
0,1,25,0,0
1,1,31,1,5
1,1,30,1,0
1,0,33,0,4
1,0,26,1,1
0,1,22,1,2
1,1,50,0,0
1,0,37,0,4
1,1,58,1,1
1,1,34,1,3
1,1,32,1,1
1,0,29,1,0
1,0,27,0,0
1,1,39,0,5
1,0,24,0,0
1,0,38,0,8
1,1,52,0,7
1,0,56,1,3
1,1,46,1,7
1,1,38,1,5
1,1,47,0,3
1,1,32,0,0
1,0,34,0,27
1,0,42,0,5
0,0,35,1,0
1,1,20,1,0
0,1,32,1,2
1,1,21,0,0
1,0,24,1,0
1,0,24,1,1
1,0,26,1,0
1,1,52,0,8
1,0,27,0,1
0,1,27,0,0
1,1,56,0,0
1,1,52,1,16
1,0,37,1,3
1,0,45,0,0
1,0,23,0,1
0,1,36,1,3
0,0,29,0,0
1,0,27,0,11
1,0,28,1,11
1,0,38,0,4
0,0,19,1,1
0,1,37,0,1
1,0,34,1,0
1,1,37,1,7
1,0,21,0,1
1,0,21,1,0
0,1,38,0,3
1,0,47,0,1
1,1,56,0,3
1,0,27,1,2
1,0,23,0,0
1,1,57,0,0
1,0,25,0,9
0,0,23,1,2
1,0,32,1,8
0,0,36,0,2
1,0,41,0,5
1,0,21,1,1
1,1,43,1,8
1,0,31,0,2
1,1,37,0,0
1,0,27,0,0
1,0,22,1,2
1,1,59,0,2
0,0,33,1,0
1,1,39,0,21
0,0,43,0,2
1,1,25,1,5
1,0,36,1,19
1,0,23,1,3
0,1,43,1,3
1,1,56,1,9
0,0,20,1,1
1,0,50,1,2
0,1,54,0,1
1,0,20,1,1
0,0,36,1,3
1,0,56,0,0
1,0,25,1,28
1,0,25,0,2
0,1,42,1,1
1,0,48,0,4
1,0,34,1,21
1,1,28,0,0
1,1,32,0,1
0,1,31,0,2
0,0,24,1,4
0,1,25,1,0
0,1,32,0,4
1,0,37,1,20
1,0,24,1,1
1,0,48,0,0
1,0,25,1,9
1,0,35,0,1
1,0,21,1,1
0,0,21,1,0
0,1,27,1,0
1,0,22,0,0
1,0,28,0,4
1,0,26,0,0
1,1,34,0,0
1,0,22,0,3
1,1,44,0,5
1,1,57,0,1
1,0,22,1,0
1,0,24,1,7
1,1,20,0,0
1,1,35,0,2
1,0,60,0,13
0,0,22,0,2
1,1,72,0,7
1,0,33,1,3
1,0,24,1,1
1,0,60,0,0
1,1,24,1,3
1,0,30,0,1
0,1,43,0,0
1,0,45,0,1
1,1,31,0,1
1,0,40,0,0
1,1,50,0,1
1,0,41,0,7
1,1,34,1,5
0,1,28,0,0
1,0,30,0,1
1,1,23,1,2
1,1,21,1,1
1,0,45,0,1
0,0,22,1,2
1,0,29,1,6
0,0,30,0,0
1,1,45,1,3
0,0,24,0,2
1,1,31,1,4
1,1,56,0,0
1,0,24,1,14
1,0,38,0,11
1,0,51,1,22
1,1,22,0,0
1,0,28,0,5
1,0,47,1,19
1,0,51,1,0
1,1,25,0,1
1,0,30,0,0
1,1,33,1,0
1,0,35,1,5
0,0,33,0,0
0,1,33,0,1
1,0,27,1,2
0,0,29,1,9
1,0,24,1,3
1,0,43,0,5
1,0,37,1,11
1,0,53,0,13
1,0,43,0,4
1,0,26,1,4
0,1,30,0,1
1,0,27,1,6
1,1,39,1,9
1,1,37,1,4
1,1,22,1,3
1,1,25,0,0
0,1,28,0,0
1,0,25,1,0
1,1,58,0,1
0,1,29,1,1
1,0,33,0,8
1,0,38,0,0
1,1,38,0,2
1,0,59,1,22
1,1,53,1,0
1,0,33,1,2
1,1,58,0,1
1,0,25,1,11
1,1,53,0,2
1,1,32,1,0
1,0,35,1,6
1,1,39,0,1
0,1,42,1,5
1,0,37,0,0
1,1,39,0,0
0,1,52,0,3
1,1,42,1,4
1,0,23,1,6
0,0,42,1,0
0,1,28,0,2
1,0,28,0,5
1,1,38,0,12
0,0,43,1,2
1,0,42,0,0
0,1,25,0,0
1,0,32,1,7
1,0,21,1,0
0,1,35,0,1
1,1,37,0,0
0,0,33,0,2
0,1,51,0,4
1,1,39,0,3
1,0,40,0,3
1,0,32,1,17
1,1,18,1,4
1,1,32,1,3
1,0,32,1,10
1,1,47,1,5
0,1,23,0,0
1,1,63,1,10
1,0,38,1,16
1,0,32,1,6
1,0,31,1,4
1,0,23,0,0
0,1,47,0,0
1,1,33,1,1
1,1,22,0,1
1,1,26,0,1
1,1,40,1,0
1,0,36,1,14
0,1,65,0,0
1,1,44,1,4
0,0,22,0,0
0,1,26,1,4
1,0,56,0,7
1,1,52,1,2
1,0,34,0,5
1,0,33,1,1
1,0,21,0,1
1,0,46,0,9
1,0,22,1,2
1,1,57,0,1
1,0,22,1,2
0,1,48,1,1
1,0,40,0,21
0,0,30,0,1
1,1,21,1,4
0,0,39,1,22
1,1,27,1,13
0,1,33,1,0
1,0,24,0,0
1,0,43,1,0
0,1,45,0,0
1,0,51,0,3
0,0,35,1,2
1,0,31,1,9
1,1,27,0,0
1,0,32,0,1
1,1,49,0,0
1,0,29,0,2
1,0,23,1,2
1,0,55,1,12
1,1,30,0,0
1,0,34,1,13
1,1,56,0,2
1,0,33,0,4
1,0,28,0,1
1,0,29,0,1
1,1,38,0,0
1,1,37,0,0
0,1,33,1,0
1,0,51,0,19
1,0,65,0,7
0,0,32,0,1
1,1,38,1,5
1,0,35,0,1
1,1,57,0,1
1,1,26,0,1
0,0,36,1,4
1,1,35,1,3
1,0,33,0,0
1,1,47,0,0
1,1,35,1,1
0,0,36,1,1
0,1,25,0,0
1,0,34,0,7
1,1,51,1,6
1,0,24,1,8
1,1,32,1,0
1,0,43,1,8
1,0,45,0,20
1,0,42,1,10
1,0,22,1,1
1,0,49,0,4
1,0,42,1,0
1,1,40,1,0
1,0,25,1,2
1,1,25,1,0
1,0,23,0,0
1,1,21,1,2
1,1,31,0,3
0,0,28,0,0
1,0,24,1,11
1,1,45,0,0
1,0,23,1,2
1,0,39,1,7
1,1,25,0,2
1,0,24,0,1
1,1,46,0,1
1,1,47,0,3
1,1,54,1,2
1,0,22,1,1
0,1,34,0,0
1,1,33,1,0
1,0,29,1,16
1,0,32,0,1
1,0,29,0,0
0,1,25,1,2
1,1,34,1,16
0,0,55,0,1
1,0,27,1,0
1,0,26,0,0
1,0,39,1,19
1,0,24,0,1
1,1,29,0,0
0,1,31,1,3
1,0,50,1,13
1,0,31,1,4
1,1,26,0,2
1,1,54,0,2
1,0,33,1,14
1,0,22,1,0
1,0,35,0,8
1,0,25,0,0
1,0,25,0,0
1,0,44,1,0
0,1,29,1,2
1,1,46,1,2
1,1,53,0,0
1,0,24,1,2
0,0,52,1,2
1,0,27,1,0
1,1,41,0,0
0,0,21,1,0
1,1,24,0,1
1,1,38,0,8
1,1,23,0,0
1,0,42,0,0
1,1,32,0,4
1,0,24,1,5
1,0,26,1,4
1,1,50,1,9
0,0,32,0,3
1,0,40,0,13
1,1,25,1,1
1,0,27,0,2
1,1,23,1,0
1,0,37,1,22
1,0,32,1,1
1,0,38,1,2
1,1,52,1,4
1,1,29,0,2
1,0,49,0,0
1,1,50,0,0
1,1,26,1,2
0,1,34,1,0
0,1,28,0,1
1,1,36,1,4
1,0,45,1,1
1,0,30,1,0
1,0,24,1,3
1,0,25,1,0
1,0,25,1,4
1,1,45,0,2
1,1,26,1,1
1,1,40,0,2
1,0,21,1,1
1,1,55,0,0
1,1,22,1,1
0,0,23,0,1
0,1,24,1,7
0,0,40,1,13
1,1,57,1,9
1,1,33,1,0
1,1,32,0,2
1,1,47,0,3
1,1,51,1,6
1,0,22,0,1
1,1,47,0,2
1,1,28,1,1
1,0,21,1,1
1,0,28,0,5
0,1,44,1,1
1,0,25,1,0
1,0,34,0,4
1,1,65,0,0
1,1,33,1,5
0,1,23,0,0
0,1,44,0,0
1,0,24,0,1
1,1,51,0,1
0,0,21,1,0
1,1,39,0,6
1,0,29,1,29
1,1,24,0,1
0,0,23,1,0
1,0,31,1,11
0,0,35,0,0
1,1,34,0,8
0,0,39,0,4
1,0,29,0,6
1,1,51,0,0
1,1,22,0,1
1,1,29,0,2
1,1,35,1,8
1,1,32,1,6
1,1,33,1,3
1,1,58,1,5
1,0,30,0,3
1,0,33,1,2
1,0,24,1,0
1,0,48,0,10
1,0,23,0,0
1,1,23,1,2
1,0,29,1,0
1,1,48,0,2
1,1,37,1,4
1,1,50,0,3
1,0,19,1,3
1,0,49,0,13
1,1,58,0,2
1,0,31,0,6
1,0,23,0,1
0,0,23,1,0
1,1,31,1,17
1,1,57,0,6
0,1,31,0,0
1,0,57,0,19
1,1,57,0,12
1,0,29,1,6
1,0,30,1,0
1,0,45,0,11
1,1,42,0,0
1,0,29,1,12
1,1,23,0,0
0,1,28,0,0
1,0,25,1,1
0,1,34,0,3
0,0,28,1,1
1,0,27,0,0
1,0,39,0,4
0,1,55,0,6
1,0,27,1,4
1,1,30,1,7
1,0,31,1,15
1,0,20,1,1
1,1,26,1,2
1,0,44,1,7
1,1,34,1,0
1,1,27,0,0
1,0,21,1,1
1,0,29,0,4
1,0,27,0,7
0,1,24,0,0
1,0,29,1,0
1,1,20,0,0
0,1,23,0,0
0,0,48,0,0
1,0,34,1,0
1,0,46,1,1
0,1,41,0,3
1,0,26,1,3
1,0,37,1,11
0,1,54,0,7
0,1,22,0,2
1,0,32,0,7
1,0,44,0,0
1,0,28,0,1
1,0,60,0,3
1,1,49,0,0
1,0,32,0,9
1,0,30,1,10
1,1,52,0,0
1,0,34,0,0
1,0,55,1,5
1,0,33,0,0
1,0,22,1,0
0,0,27,0,0
1,0,20,1,0
1,1,33,0,0
1,0,26,0,0
1,0,29,0,0
1,0,32,0,1
1,1,37,0,4
1,0,31,0,15
1,0,29,1,6
1,0,31,0,6
0,1,36,0,2
1,0,35,0,4
0,0,37,0,1
1,1,34,1,5
1,1,20,1,1
0,0,50,1,12
1,1,24,1,8
1,0,29,1,8
0,0,45,0,1
1,1,34,1,2
1,0,70,0,0
1,0,26,0,2
1,0,23,0,4
1,1,27,0,5
1,1,44,1,6
1,0,23,1,2
1,0,26,0,0
0,1,23,0,2
1,0,27,1,3
0,1,46,0,1
0,0,27,0,1
1,1,45,0,7
1,0,42,0,1
0,1,24,1,3
1,0,20,1,2
1,1,49,0,3
1,1,29,1,8
0,1,52,0,1
1,0,26,0,1
1,0,53,1,15
1,0,38,1,0
1,0,25,0,1
1,0,21,1,1
1,0,48,0,0
0,1,40,0,1
1,0,22,1,0
1,1,38,0,2
0,1,44,1,0
1,1,64,0,0
1,1,38,1,5
1,0,49,0,1
1,0,51,0,3
1,0,50,0,0
1,1,33,0,2
0,1,54,0,0
1,1,33,0,14
1,0,42,1,17
1,1,34,0,3
1,1,38,1,2
1,0,21,1,1
1,0,33,0,5
1,0,32,1,9
1,1,45,0,1
1,1,30,1,1
0,0,29,0,0
1,0,44,0,3
0,1,51,1,0
0,0,28,0,0
1,1,27,0,1
0,0,30,0,0
1,0,32,0,0
1,1,27,0,5
1,0,21,0,0
0,1,34,1,0
1,0,24,1,7
1,1,32,0,0
0,1,38,1,5
1,0,56,0,3
0,0,44,0,0
1,0,31,1,1
0,1,25,0,6
0,0,20,0,0
1,0,35,0,1
1,0,33,1,1
1,0,24,0,0
1,0,27,1,9
0,0,21,0,2
1,0,38,1,9
1,1,20,1,0
1,0,30,1,9
1,1,36,1,9
1,0,23,1,2
1,0,39,1,21
1,1,29,1,3
1,1,58,1,2
1,1,23,1,3
0,0,68,0,5
0,1,26,0,2
1,0,51,1,0
1,0,25,0,0
1,0,40,1,5
1,0,51,0,14
1,0,27,1,2
1,0,49,1,11
1,1,28,0,5
1,0,20,0,0
1,0,21,1,2
0,0,31,0,0
1,0,57,0,0
0,1,61,1,8
1,0,54,1,3
1,1,39,0,0
1,0,24,0,1
1,0,48,1,8
1,0,30,1,6
1,0,26,1,10
1,0,37,1,12
1,0,26,1,4
1,0,29,1,7
1,0,26,1,1
1,0,60,0,2
1,1,27,1,2
1,0,41,1,16
1,1,22,0,1
1,0,28,0,3
1,0,33,1,13
1,0,28,0,2
1,1,55,1,0
1,0,21,1,6
0,1,29,1,6
1,0,45,0,5
1,0,24,1,2
1,0,50,1,12
1,0,24,1,1
1,0,47,0,1
1,1,54,0,6
0,1,42,0,0
1,1,35,0,5
1,0,30,1,0
1,1,53,0,1
0,0,31,0,2
1,0,31,1,0
1,0,47,0,9
1,0,24,1,9
0,0,22,0,2
0,0,30,0,2
0,1,43,1,22
1,0,50,0,0
0,1,42,0,3
0,1,29,1,1
1,0,25,1,5
1,0,36,0,4
1,0,24,1,1
1,1,28,0,5
1,1,31,1,0
1,0,23,0,0
1,1,29,1,4
1,0,51,1,11
1,0,34,0,1
1,0,29,1,12
1,0,39,1,13
1,0,59,1,15
1,0,23,1,3
1,0,31,0,15
1,1,53,0,0
1,0,34,0,12
0,0,63,0,1
0,0,21,1,0
1,1,47,1,28
1,0,34,1,7
1,1,58,1,4
1,0,36,1,16
0,0,23,0,0
1,0,34,1,5
1,1,56,0,13
0,1,52,0,0
1,0,56,0,0
0,0,37,0,0
0,1,50,0,0
1,0,25,1,1
1,0,22,1,0
0,1,43,1,0
1,1,30,0,1
1,1,24,0,0
1,0,29,1,7
0,1,24,0,0
0,0,74,0,0
1,0,27,1,8
1,0,39,1,8
1,1,29,0,5
0,0,35,0,5
1,0,29,1,1
1,1,36,0,1
1,0,61,1,13
1,1,26,0,2
0,0,26,0,1
0,1,39,1,11
1,0,22,1,3
1,1,28,0,0
1,1,51,1,1
0,0,23,0,0
1,0,29,1,6
1,0,24,1,1
0,0,33,0,5
1,1,21,1,1
1,1,59,0,3
1,1,26,1,4
1,1,19,1,5
1,0,21,1,1
1,0,52,1,0
1,0,56,1,12
1,1,40,0,1
0,1,48,1,8
1,0,24,0,2
0,0,26,0,0
1,1,66,1,1
0,0,54,0,6
1,1,31,1,4
1,1,34,0,0
1,0,25,1,9
1,1,47,0,2
1,0,51,1,12
1,1,25,0,1
0,0,31,1,2
1,1,36,0,1
1,1,49,0,0
1,0,31,0,0
1,1,30,0,1
1,0,29,1,3
0,1,53,1,6
1,0,21,1,1
1,0,21,0,0
0,0,27,1,1
0,0,65,0,0
0,1,59,0,0
1,0,59,0,0
1,0,24,0,0
1,0,40,0,0
1,0,51,1,0
1,0,34,1,10
1,0,52,0,1
1,1,29,1,1
1,0,24,1,15
1,0,38,1,2
0,0,22,0,0
1,0,43,0,0
1,1,32,1,5
1,0,55,0,0
1,0,26,0,2
1,1,23,0,1
1,1,28,1,1
1,0,26,0,0
0,1,28,1,1
1,0,43,1,0
1,1,30,0,3
1,0,33,1,21
1,1,21,0,0
0,1,32,0,0
1,0,22,1,1
1,0,51,0,3
1,0,20,1,2
1,1,35,0,2
0,0,37,0,3
1,0,28,1,0
1,1,41,1,3
1,0,24,1,0
0,0,33,0,3
1,0,25,1,4
0,1,30,0,4
1,0,20,1,1
0,0,42,0,1
0,0,40,1,15
1,0,39,1,0
1,0,21,0,0
1,1,39,1,2
1,1,24,0,0
1,0,41,0,0
1,0,39,0,1
0,0,24,0,3
0,0,24,0,1
1,0,29,1,0
1,0,39,0,35
1,1,25,1,2
0,1,23,1,0
1,0,22,1,1
1,0,26,1,3
0,0,24,1,3
1,0,44,0,0
1,1,36,1,1
1,1,39,1,10
1,1,42,0,0
1,1,45,0,1
1,0,25,1,7
0,1,28,0,7
1,1,33,0,0
1,1,25,0,0
1,0,32,0,5
1,0,23,0,0
1,1,39,0,0
1,0,27,1,12
0,1,35,0,4
1,0,23,0,1
0,0,38,0,0
1,0,30,0,4
1,1,30,0,1
0,1,30,0,0
1,0,26,1,18
1,0,31,0,2
0,0,25,0,0
0,1,26,0,1
1,0,38,1,2
0,0,37,0,0
1,1,34,0,3
0,0,31,0,0
0,1,29,0,0
1,1,20,1,1
1,0,22,0,0
1,0,24,1,2
1,0,47,1,0
0,0,36,1,1
1,0,21,0,1
1,0,25,1,3
1,0,23,1,5
0,1,24,0,0
1,1,35,1,2
0,0,19,1,0
1,1,32,1,0
0,1,39,1,0
1,0,30,1,12
1,0,33,0,2
0,1,36,0,0
1,0,29,1,8
0,1,40,0,0
1,0,53,0,4
0,1,28,0,0
1,0,27,1,9
1,1,55,0,0
1,0,22,0,1
0,0,34,0,1
1,1,55,0,1
0,0,47,1,21
1,0,61,0,12
1,0,57,0,3
0,1,38,0,2
1,1,25,1,13
1,0,23,1,0
1,1,23,0,3
1,0,20,0,0
1,1,44,0,1
0,1,38,0,1
1,0,56,1,5
1,1,43,1,2
1,0,22,1,0
1,0,31,1,6
1,0,29,0,0
1,0,22,1,1
1,0,23,1,3
1,1,24,0,1
1,0,21,0,2
0,0,29,0,0
0,1,51,1,0
1,0,25,0,1
1,0,62,1,22
1,0,25,1,0
1,1,27,0,2
0,1,22,1,3
0,1,34,1,9
1,1,21,1,0
1,1,51,1,3
0,1,39,1,2
1,0,43,1,8
1,0,22,1,0
0,0,28,0,4
1,1,43,1,0
1,1,27,1,7
1,1,31,1,1
0,0,28,0,0
1,1,58,0,3
1,1,22,1,0
1,0,31,0,5
1,0,33,0,0
1,0,26,1,6
0,0,23,0,1
1,1,32,0,11
1,1,22,0,0
0,0,35,0,2
1,1,47,1,1
1,0,29,1,17
0,1,54,0,1
1,1,29,0,0
1,0,51,1,17
0,0,36,0,0
1,1,35,1,3
1,0,20,1,1
1,0,25,0,0
1,0,29,0,2
1,1,39,0,0
1,0,30,1,1
0,0,23,0,0
0,0,23,0,1
1,0,30,1,21
1,0,33,1,18
0,0,61,0,1
1,0,30,1,9
1,0,23,0,1
0,0,27,1,0
1,0,38,0,10
1,0,42,0,1
1,0,31,0,0
1,0,23,1,2
1,1,31,1,1
1,0,43,1,1
1,1,39,0,0
1,0,31,0,0
1,1,22,1,3
0,0,33,0,0
1,1,21,1,1
1,0,23,1,1
0,1,29,0,0
1,1,62,0,2
0,0,56,1,1
0,0,24,1,4
0,1,44,0,0
1,0,22,1,2
0,0,28,1,4
1,0,30,0,0
1,1,32,1,1
1,1,51,0,3
1,0,21,0,0
1,0,21,1,2
1,0,27,1,3
0,0,31,0,0
1,0,33,1,0
0,1,49,0,2
1,1,20,0,0
1,0,31,1,10
1,0,25,1,5
1,0,23,1,4
1,1,26,0,0
1,1,28,0,1
0,0,28,1,13
1,1,39,1,0
1,0,52,0,4
1,1,32,1,0
1,0,54,0,3
1,0,30,1,2
0,0,21,1,0
1,0,25,1,2
1,0,22,0,0
1,0,61,1,20
1,1,24,0,2
0,1,26,1,2
0,0,34,0,6
1,0,45,1,12
1,0,22,1,1
1,0,54,1,4
1,0,51,0,8
1,0,28,0,0
1,1,23,0,0
1,1,30,1,0
1,0,25,1,0
1,1,25,0,2
1,1,28,0,2
0,0,32,1,0
1,0,35,0,7
1,0,49,1,0
1,1,36,1,5
1,0,33,1,16
0,1,58,0,1
1,0,22,0,2
1,1,28,1,2
1,0,26,1,6
0,1,36,1,3
1,1,23,0,0
1,0,22,1,0
1,0,25,1,10
1,0,26,0,0
1,0,25,0,1
1,1,26,1,7
1,0,28,1,0
1,0,56,0,1
1,1,51,0,3
1,0,36,0,0
1,1,51,0,0
0,0,35,0,9
1,1,24,1,0
1,0,66,1,5
1,0,27,1,6
1,1,22,1,2
1,1,43,0,2
1,0,22,0,2
1,0,31,1,4
0,1,23,1,4
0,1,27,1,0
1,0,31,1,8
1,0,61,1,29
1,1,25,0,3
0,1,52,0,0
0,1,24,0,0
1,0,50,1,13
1,1,38,0,2
1,0,22,0,1
1,0,25,0,8
1,0,20,1,3
1,0,34,0,2
1,0,25,1,11
0,1,24,0,0
1,1,49,1,4
1,0,27,1,15
1,0,28,1,10
1,1,55,0,0
1,1,47,1,3
1,0,55,1,10
1,0,22,1,0
1,0,32,0,9
1,1,55,0,0
1,0,23,0,3
1,1,54,1,2
1,0,27,1,0
1,1,36,1,4
0,0,29,0,5
0,1,45,0,0
1,1,40,1,4
1,0,38,1,7
1,1,57,0,3
1,0,26,1,3
0,0,37,0,0
1,1,41,0,1
1,0,57,0,1
1,0,34,0,3
1,0,29,1,1
1,1,22,0,1
0,0,22,1,0
1,0,42,1,5
1,0,21,0,0
1,1,56,0,1
1,0,48,0,4
1,1,27,1,2
1,0,23,1,5
1,0,47,1,3
1,0,33,1,6
1,1,58,0,1
0,0,33,0,1
0,0,40,0,2
1,1,22,0,0
1,1,39,0,2
0,0,23,0,3
1,1,35,0,1
1,0,43,1,7
1,0,26,1,2
0,1,39,0,1
1,0,36,1,16
1,1,21,1,0
1,0,53,0,6
1,1,37,0,0
1,0,21,1,1
1,0,28,0,1
1,0,21,0,1
1,0,56,0,0
1,1,30,0,3
1,1,27,1,0
1,0,27,0,1
1,0,41,1,7
0,0,30,1,7
1,0,32,1,7
1,1,26,0,7
1,0,32,0,3
0,1,34,1,5
1,0,46,0,3
1,0,24,1,1
1,0,32,1,7
1,1,43,1,6
1,1,50,0,3
1,1,30,1,4
1,0,37,0,3
1,0,31,1,12
1,1,21,0,1
1,1,40,0,3
0,1,53,0,0
1,0,33,0,4
1,0,23,1,2
0,0,22,0,0
1,0,27,1,2
1,0,25,1,5
1,1,24,0,2
0,0,24,1,2
0,0,26,0,1
0,0,26,1,3
1,0,26,1,7
1,1,20,1,0
1,0,27,1,4
1,1,24,1,1
1,0,26,1,8
1,1,26,0,5
0,1,33,1,5
1,0,64,0,13
1,1,24,0,0
1,0,35,0,29
0,1,57,0,0
0,1,46,0,0
1,0,56,0,16
0,1,39,0,0
1,1,68,0,4
0,0,22,1,5
1,0,28,1,1
1,0,39,1,19
1,1,38,0,0
0,0,25,0,3
1,1,25,0,2
1,0,21,1,3
1,1,31,0,2
1,0,33,1,3
1,0,26,1,20
0,0,35,0,13
1,0,34,0,19
0,0,42,0,1
1,0,26,1,9
1,1,24,0,1
1,0,36,1,2
1,0,41,1,24
1,1,27,0,0
1,1,45,1,3
1,1,34,0,5
1,1,25,1,6
1,0,24,1,2
1,0,27,0,2
1,1,30,1,2
1,1,22,1,3
1,0,27,0,0
1,0,41,1,19
1,1,30,0,0
1,0,24,0,3
1,0,39,0,0
1,0,32,1,6
0,0,32,1,3
0,1,29,1,0
1,0,26,1,24
1,0,24,1,2
1,0,20,1,4
1,0,25,1,1
0,1,31,1,0
1,0,25,1,0
1,1,41,1,0
1,1,25,0,0
1,0,25,1,2
1,0,22,1,1
0,0,25,0,0
1,0,38,0,0
0,1,49,0,4
0,1,35,0,2
1,1,21,0,1
0,1,24,0,2
0,0,24,1,11
1,1,28,0,3
0,0,34,0,1
1,0,34,1,4
1,0,57,0,8
1,0,40,1,15
1,0,22,1,2
1,0,37,1,3
0,0,43,0,0
1,0,26,1,5
1,1,24,1,2
1,1,56,1,1
1,0,23,1,2
1,1,43,0,12
1,0,21,1,0
1,0,51,0,2
1,0,20,1,0
1,1,39,0,1
1,0,42,1,17
0,0,30,0,2
1,1,28,1,4
1,0,29,1,6
0,1,24,1,9
1,0,22,1,1
0,0,27,1,3
1,1,50,0,1
1,0,30,0,5
1,1,28,1,0
1,0,21,1,3
0,1,51,0,0
1,0,21,0,1
1,1,29,1,0
1,1,43,0,0
1,0,22,0,1
1,0,52,1,0
1,0,36,0,0
1,0,24,0,0
1,0,26,0,5
1,0,27,0,8
1,1,19,1,0
1,1,26,0,2
1,0,24,0,1
0,0,29,0,0
0,1,29,1,20
1,0,38,1,1
1,0,34,0,5
0,0,29,0,1
1,0,24,0,1
1,1,50,0,0
0,0,24,0,0
0,0,31,0,0
1,0,36,1,13
1,0,32,1,13
1,0,42,1,1
1,0,22,0,0
1,0,26,1,5
1,0,26,1,10
1,1,53,1,3
1,0,23,1,2
1,1,22,0,0
1,1,27,0,0
1,1,42,1,2
1,0,31,1,4
1,1,80,0,0
1,1,58,0,1
1,0,68,0,6
1,0,23,0,1
1,0,36,1,4
1,1,24,0,0
1,1,41,0,2
1,1,21,1,0
1,0,26,1,3
0,0,30,1,8
1,1,36,0,1
1,0,21,1,0
0,0,31,0,1
0,0,20,1,0
1,1,49,0,4
1,1,24,0,0
1,0,20,1,0
1,1,44,0,1
0,0,25,0,1
1,1,41,1,11
1,0,25,0,1
1,0,33,0,0
1,0,20,1,0
1,0,21,1,1
1,1,44,0,3
1,0,23,1,1
1,0,35,1,0
0,0,41,0,0
1,0,30,0,1
1,0,36,1,7
1,0,26,1,1
1,1,26,0,2
1,1,23,1,0
0,0,43,0,9
1,0,30,1,3
1,1,44,1,1
1,1,39,0,1
1,0,31,1,6
1,1,63,0,5
0,0,66,1,11
1,1,24,0,3
1,1,21,0,2
0,1,48,0,0
1,0,37,0,0
1,0,21,1,0
0,1,64,0,0
1,1,22,0,0
1,1,43,0,8
1,1,25,1,3
1,1,33,0,10
1,0,26,0,1
0,1,33,0,1
1,1,25,0,3
0,0,30,0,3
1,0,44,0,0
1,0,31,0,0
1,1,50,1,9
1,0,33,1,16
1,0,31,1,1
0,0,43,0,2
0,1,51,1,2
1,0,27,1,0
1,0,31,1,6
1,0,26,1,2
1,0,20,1,4
1,0,29,0,6
1,0,31,1,11
1,1,59,0,0
1,0,49,1,1
1,1,36,1,11
0,0,23,0,1
1,1,46,1,26
1,1,59,1,2
1,0,34,0,0
1,0,54,0,1
1,0,24,1,3
1,1,35,1,16
1,1,22,1,0
1,0,36,0,0
1,1,61,0,0
0,0,38,0,0
1,0,32,0,0
1,1,37,1,1
1,0,46,0,18
1,0,21,0,4
1,0,57,1,0
1,0,68,0,2
1,0,24,0,0
1,0,46,1,3
1,1,41,1,1
1,0,25,1,8
1,0,24,1,7
1,0,41,0,1
1,1,33,0,1
1,0,23,0,0
0,1,47,1,28
0,1,51,0,0
1,1,36,0,1
1,0,43,0,0
1,0,26,1,4
1,0,60,0,1
1,0,24,1,0
1,1,20,1,0
1,1,39,1,3
0,1,28,0,0
1,0,28,1,7
1,1,58,1,2
1,1,67,0,2
0,0,26,0,1
0,0,24,1,2
1,0,37,0,0
1,0,28,1,8
1,1,46,1,14
1,1,45,0,2
1,0,20,1,2
1,0,52,0,0
1,0,29,0,0
1,0,34,1,11
1,0,24,1,0
1,0,28,1,6
1,0,28,1,2
1,0,29,0,0
0,1,55,0,2
1,1,24,1,3
1,0,20,0,0
1,0,23,0,0
1,0,44,1,6
1,0,34,1,8
1,0,55,1,0
0,0,23,1,0
0,0,23,1,3
1,0,77,0,0
1,1,52,0,3
1,0,34,1,8
1,1,30,1,2
1,0,30,1,3
1,0,26,1,0
0,1,51,0,1
1,0,34,0,2
1,1,23,0,0
1,1,32,0,2
1,0,38,0,8
1,0,21,1,0
1,1,53,1,8
1,1,34,0,1
1,1,25,1,5
1,0,54,0,1
1,1,25,1,2
1,0,22,1,0
0,0,23,1,2
1,1,27,1,1
1,0,45,0,7
0,1,31,1,9
1,1,45,0,1
1,0,28,0,12
1,0,24,1,1
0,1,28,1,6
1,0,41,0,2
1,0,35,1,3
1,0,20,1,1
1,0,32,1,19
1,0,28,0,2
1,0,33,1,7
1,0,26,1,8
1,0,22,1,1
0,0,25,0,4
0,1,23,0,1
1,0,30,1,2
1,1,69,1,6
1,0,25,1,11
0,0,56,0,2
1,0,33,1,3
1,1,35,0,3
1,1,34,1,13
1,0,37,1,2
0,1,55,1,0
1,1,43,0,1
1,0,27,1,27
1,0,26,0,7
0,1,42,1,4
1,1,41,0,1
1,0,21,1,2
1,0,30,1,4
1,1,30,0,1
0,1,45,1,0
1,0,23,1,2
0,0,31,1,2
1,0,40,1,8
1,0,33,0,1
1,0,40,1,11
1,1,56,0,1
1,0,21,1,0
1,1,22,0,1
1,0,51,0,4
1,1,36,0,0
1,1,30,0,0
0,1,21,0,0
1,1,28,1,3
1,0,41,1,3
0,1,22,1,0
0,0,40,0,2
1,0,47,1,12
1,0,37,0,2
0,0,37,0,0
0,0,23,1,2
1,0,19,1,1
1,1,26,1,1
1,0,25,0,0
1,1,48,0,3
1,1,39,1,17
1,1,36,1,0
1,0,26,0,6
1,0,51,1,8
1,0,20,0,0
0,1,43,0,0
1,0,22,1,0
0,1,24,1,0
1,0,35,0,2
1,0,57,1,12
1,1,25,1,6
1,1,55,0,0
0,0,52,0,0
0,0,33,0,0
1,0,32,1,3
1,0,20,1,5
1,0,67,0,8
1,0,31,0,7
1,1,21,1,0
1,0,30,0,4
1,1,55,0,0
1,0,25,0,0
1,0,25,0,0
1,0,47,0,17
1,0,27,1,10
1,0,22,0,0
1,0,37,0,8
1,1,68,1,7
1,1,37,0,0
0,0,42,0,1
1,1,22,1,5
1,0,30,0,4
1,0,34,0,1
1,1,37,1,4
0,0,41,1,8
1,1,36,0,2
1,1,26,0,2
1,1,24,0,0
1,0,27,0,0
0,1,37,0,0
1,0,31,0,1
1,0,23,1,3
1,1,58,0,5
0,1,62,1,1
0,0,41,0,0
1,0,33,0,0
1,0,33,1,12
1,0,41,1,14
1,1,26,1,3
0,1,33,0,0
1,0,25,0,0
1,0,37,1,0
1,1,23,1,11
1,1,37,1,8
1,0,21,0,0
1,1,45,1,21
1,1,37,0,13
1,0,24,0,2
1,0,35,0,0
0,0,22,1,0
1,1,29,1,10
1,0,41,1,6
1,0,22,1,3
1,0,34,0,5
1,1,55,1,18
0,1,40,1,3
1,0,51,1,19
0,0,26,1,1
1,0,46,0,2
1,1,41,0,0
1,1,31,1,9
1,0,25,0,2
1,0,27,0,1
1,0,31,1,13
1,1,23,0,0
1,0,52,1,7
1,0,29,1,6
1,1,40,1,10
0,1,49,0,0
1,1,49,0,8
1,0,24,1,3
1,0,41,0,7
0,0,27,1,3
1,0,40,1,1
1,1,47,1,0
0,1,20,1,0
1,0,21,1,2
1,0,44,1,8
1,1,41,0,0
1,0,31,1,5
0,0,67,0,0
1,1,42,0,1
1,0,25,0,0
1,1,23,1,6
1,0,27,1,13
1,0,23,0,2
1,1,33,0,2
1,1,41,0,0
0,1,31,0,1
0,0,23,1,2
1,0,21,1,2
1,0,53,0,5
1,0,36,0,1
1,1,58,0,10
1,1,62,0,0
1,1,25,0,4
1,0,51,1,15
1,1,46,0,2
1,0,28,1,4
1,1,24,1,2
1,1,32,0,6
1,1,56,0,13
1,0,23,1,2
1,0,25,0,1
0,1,58,0,0
1,1,33,1,3
1,0,59,1,8
1,1,44,0,5
1,0,20,1,0
1,1,57,1,0
1,1,37,1,1
1,0,43,1,0
0,0,36,0,1
1,1,59,0,0
1,1,35,1,4
1,0,29,1,5
0,0,21,0,0
1,1,28,0,0
1,0,34,1,5
0,0,42,0,16
1,0,21,1,3
1,0,69,1,1
0,1,49,0,1
0,1,24,0,0
1,0,27,1,4
0,0,55,0,1
1,0,19,1,3
1,0,24,1,7
1,1,21,0,1
1,1,28,1,0
1,0,34,0,4
1,0,27,0,2
1,0,37,0,12
1,0,40,0,1
0,1,36,1,4
1,1,23,0,0
1,0,34,1,19
1,0,27,1,5
1,0,50,0,1
1,0,22,0,1
1,0,43,1,1
1,1,29,1,0
1,1,61,1,1
1,0,34,0,1
1,0,56,0,1
1,0,31,1,16
1,1,21,0,0
1,0,23,1,1
1,0,24,1,1
1,0,30,0,1
1,0,32,1,17
1,1,61,0,0
1,1,27,0,3
1,1,60,0,0
1,0,23,0,1
1,1,40,0,0
1,1,30,0,0
0,1,20,0,1
0,0,20,0,0
1,0,24,1,0
1,0,30,0,5
0,0,20,1,0
1,0,25,0,0
1,1,38,0,0
1,0,29,1,0
0,1,38,1,1
1,0,27,0,1
1,1,21,1,0
1,0,24,0,1
1,1,53,1,3
1,1,36,1,4
1,0,64,1,8
1,0,23,1,0
1,1,26,0,3
1,1,48,0,0
1,0,21,0,0
1,0,20,1,0
1,0,37,0,17
1,1,51,1,8
1,1,47,1,2
1,1,29,1,2
1,0,27,1,2
1,0,45,0,16
1,1,41,1,0
1,1,31,1,3
0,0,29,0,1
1,1,39,0,1
1,1,33,0,0
0,0,21,1,1
1,0,27,0,3
0,1,24,0,0
1,0,29,1,3
1,1,21,1,0
0,1,31,0,14
1,1,62,0,0
1,1,39,1,3
1,1,56,0,2
1,0,28,0,6
0,0,26,1,6
1,0,24,1,5
1,0,28,0,7
0,0,36,0,1
0,1,38,0,0
1,0,23,0,1
1,1,28,1,5
0,1,29,1,7
1,0,20,1,6
1,0,29,0,0
1,0,29,1,11
1,0,34,0,8
1,0,26,1,6
1,0,58,0,0
1,1,48,1,0
1,0,61,0,9
1,0,30,1,1
1,0,44,0,0
1,0,26,0,3
1,0,46,1,3
1,1,36,0,5
0,0,29,1,11
1,0,53,1,3
1,0,35,0,8
0,1,39,0,3
0,1,26,1,2
1,0,26,1,10
1,0,28,1,8
0,1,21,1,3
1,0,37,0,8
1,1,29,0,1
1,0,22,1,12
1,0,59,0,4
1,0,28,1,12
0,1,56,0,0
1,1,30,0,0
1,0,27,0,2
1,0,24,0,1
0,1,27,0,6
1,0,43,1,15
0,0,53,0,5
1,0,27,1,6
1,0,26,0,6
0,1,24,0,1
1,0,30,0,0
1,0,26,0,4
1,0,24,1,3
1,0,54,0,4
0,0,48,1,18
0,0,36,1,13
1,0,21,1,1
1,1,26,1,10
1,1,26,1,10
1,1,45,0,0
1,1,47,0,1
1,0,41,1,14
1,1,50,0,1
1,1,57,0,3
1,0,31,0,2
1,0,21,1,0
0,0,28,1,1
1,1,29,1,9
1,0,28,0,2
0,1,25,1,1
1,0,22,1,0
0,0,21,0,0
1,1,48,1,0
1,0,25,1,4
1,0,37,0,7
1,1,31,1,5
1,0,24,0,0
1,0,30,1,15
1,1,47,0,5
1,1,66,0,2
1,0,51,1,21
1,1,64,1,8
0,1,28,1,3
1,0,35,0,1
1,0,24,0,0
1,1,36,0,0
1,0,21,1,0
1,0,27,1,7
1,0,28,1,18
1,1,39,1,16
1,0,19,1,0
1,0,40,0,2
1,1,30,1,5
1,1,28,1,0
1,1,27,0,0
1,0,33,1,8
1,0,25,0,7
1,0,25,1,3
1,1,33,0,4
0,0,24,0,0
1,1,44,0,0
1,0,44,0,0
0,0,23,0,0
0,1,31,1,2
1,0,27,0,0
0,1,26,1,1
1,0,57,1,16
1,1,55,0,0
0,1,36,1,7
1,0,30,1,18
1,0,34,1,0
1,0,24,0,1
1,0,42,0,7
0,1,34,1,12
1,1,40,0,6
1,0,30,0,4
1,1,31,1,3
1,1,27,0,1
1,0,37,0,3
1,0,25,0,1
1,1,45,0,2
1,1,31,0,1
1,0,23,0,0
1,0,21,0,0
1,0,28,1,6
1,0,35,0,0
1,0,29,1,4
1,0,23,1,2
1,0,28,1,7
0,1,34,1,0
0,1,32,0,5
1,1,52,0,2
1,0,25,0,2
1,1,34,0,15
1,0,47,1,4
0,0,30,0,4
1,1,22,1,0
0,0,47,1,7
1,1,37,0,3
1,0,37,0,8
1,0,26,1,7
0,1,31,0,0
1,1,20,1,0
1,0,22,1,0
1,0,33,1,14
1,0,30,0,1
1,1,27,1,5
1,0,24,1,2
1,0,29,0,0
1,1,24,0,0
1,0,44,1,29
0,1,46,1,1
0,0,36,0,1
1,0,23,1,0
1,0,21,1,1
1,0,29,1,6
1,0,29,0,4
0,0,26,0,0
0,1,50,1,7
1,0,32,0,1
1,0,30,0,1
1,0,25,0,0
0,1,44,1,10
1,0,58,1,0
1,0,24,0,5
1,0,20,1,1
1,1,29,1,0
1,1,21,0,1
1,0,38,1,22
0,1,46,0,1
1,0,29,1,17
1,0,30,1,0
1,0,55,1,8
1,0,25,1,10
1,1,47,0,2
1,0,30,1,13
1,0,24,1,4
1,1,48,1,2
1,1,45,1,0
1,0,26,0,2
0,1,42,0,0
1,0,34,0,1
1,0,21,1,0
0,1,69,0,2
1,1,24,1,5
1,0,45,0,1
1,0,28,0,3
1,0,25,1,8
1,0,52,0,2
1,1,30,0,0
1,1,32,1,5
1,1,47,0,11
1,0,38,1,2
1,0,32,0,2
1,0,23,1,4
1,0,59,1,9
1,1,24,1,5
0,0,22,0,0
1,0,35,0,6
1,0,24,1,0
1,0,35,0,1
1,0,25,0,2
1,1,58,0,3
1,0,27,1,7
1,0,24,1,6
1,1,33,0,2
1,1,44,0,4
1,0,30,0,3
1,1,28,0,0
1,0,34,0,1
1,0,26,1,1
1,0,23,0,0
1,1,29,1,11
1,0,31,0,0
1,0,30,1,14
1,1,21,1,2
1,0,44,0,0
1,0,52,0,0
1,0,30,1,6
1,0,31,1,9
0,0,21,0,2
1,1,77,0,1
1,1,61,0,4
0,0,41,0,0
0,1,24,0,0
0,0,34,0,5
1,1,34,1,3
1,0,25,1,6
1,0,30,0,1
1,1,55,1,1
0,0,22,0,1
1,1,32,1,0
1,0,53,0,5
1,1,50,0,1
1,0,36,1,7
1,0,35,1,16
0,1,25,0,0
0,1,31,0,2
0,0,26,0,1
1,1,25,0,0
1,0,32,0,0
1,1,40,0,5
1,0,35,0,0
1,0,27,0,2
1,0,33,1,12
1,1,30,0,2
1,0,30,0,0
1,0,41,0,19
0,1,21,0,1
0,1,29,0,0
1,1,25,0,0
1,1,50,0,0
1,1,35,0,4
1,0,37,1,17
1,0,43,1,4
1,1,29,1,12
0,1,61,0,0
0,0,22,1,4
1,1,27,1,2
0,0,34,0,1
0,1,34,0,1
0,0,20,1,0
1,0,30,0,0
0,0,43,0,0
1,1,51,1,4
1,0,42,1,7
0,1,24,0,0
1,1,36,0,12
1,1,39,1,0
1,0,32,0,2
1,0,30,0,1
1,0,38,0,0
0,0,27,0,8
0,1,30,1,0
0,1,43,1,0
1,0,30,1,8
1,0,22,1,2
0,1,26,0,1
1,1,37,0,3
1,1,25,1,5
1,1,65,1,1
1,1,29,0,1
1,1,32,0,3
1,0,21,1,8
1,1,21,0,1
1,1,47,1,13
0,0,36,0,4
0,0,25,1,6
1,1,32,1,4
1,1,43,0,1
1,0,27,0,2
1,0,26,1,8
1,0,21,0,1
1,0,40,1,23
1,1,38,0,3
1,0,41,0,7
1,1,25,1,7
1,1,21,0,1
0,1,74,0,0
1,1,41,1,5
1,0,57,1,11
1,0,30,0,1
0,1,33,1,3
1,1,24,0,2
0,1,29,0,0
0,1,42,1,0
0,1,30,0,1
1,0,33,0,0
1,0,21,1,2
0,1,41,1,9
0,0,28,0,5
0,0,52,0,3
1,0,25,1,0
0,0,27,0,0
1,1,35,0,0
1,0,40,0,2
1,0,24,1,2
1,0,24,1,10
1,1,50,0,1
1,0,21,1,1
1,0,24,1,2
1,0,33,1,11
1,0,29,0,3
0,1,25,0,0
1,0,38,1,0
1,1,46,0,1
1,0,33,1,9
0,0,39,1,3
1,0,23,0,1
0,0,23,1,3
1,0,35,0,4
1,1,49,1,12
1,1,27,0,0
1,0,22,0,2
0,0,29,1,0
1,0,31,0,0
0,1,65,0,0
1,1,24,0,6
1,0,46,0,0
1,0,20,1,0
1,0,29,1,16
1,0,29,0,7
0,1,56,0,3
1,0,21,0,0
1,0,40,1,0
1,0,22,1,2
1,1,39,0,0
1,0,22,1,1
1,1,36,0,1
1,0,30,0,0
1,1,56,1,17
1,0,36,0,0
1,0,32,0,0
0,0,34,1,5
1,1,52,0,0
1,1,20,1,1
1,0,38,0,5
1,1,46,0,0
1,0,27,1,0
1,0,20,1,2
0,1,29,1,1
0,0,35,1,7
1,1,37,1,1
1,1,63,0,0
1,0,27,1,1
1,0,27,0,0
1,0,24,1,2
1,0,32,1,13
1,1,25,1,4
1,0,24,0,10
1,0,27,0,0
0,0,48,0,0
0,0,26,0,1
1,1,23,1,1
1,1,22,1,3
0,0,51,0,4
1,0,41,0,0
1,0,21,0,0
0,0,39,0,3
1,1,46,0,0
1,0,22,1,1
1,0,36,1,2
1,1,32,0,0
1,0,38,1,17
1,0,22,1,1
1,1,69,1,0
1,0,26,0,2
0,0,27,1,1
0,1,30,0,1
1,0,22,0,2
0,1,43,0,0
1,1,22,1,2
0,1,55,0,0
1,0,20,0,1
1,0,22,1,1
1,0,29,1,15
1,1,33,1,9
1,1,55,0,7
1,0,22,0,1
1,0,55,0,1
0,1,43,1,0
1,0,21,1,0
1,0,38,0,6
1,0,23,0,0
0,1,28,0,1
1,0,39,0,1
1,1,79,0,1
1,1,48,0,1
1,0,31,0,5
1,1,30,1,4
1,0,32,1,5
1,1,56,0,1
1,0,43,0,2
1,0,27,1,21
1,0,41,0,0
1,0,43,1,3
0,0,33,0,1
1,0,22,0,0
1,0,34,0,3
1,1,36,0,0
1,1,69,0,0
1,1,32,1,5
1,0,22,1,1
1,1,46,0,0
1,1,34,0,1
1,0,39,0,0
1,0,25,1,6
1,0,63,1,9
1,1,24,1,8
1,1,29,0,2
1,0,20,1,3
0,1,40,0,0
1,0,30,1,7
1,1,36,1,10
1,1,50,0,5
1,0,37,1,4
1,0,34,0,1
0,0,31,1,1
1,1,23,0,10
1,1,37,1,2
1,0,54,1,22
1,1,26,0,2
1,0,34,1,12
1,1,59,1,2
1,1,37,0,2
1,1,45,1,1
1,0,22,0,1
1,0,24,1,3
1,0,25,0,5
1,0,24,1,6
1,0,20,1,1
0,1,32,1,2
1,1,39,0,8
1,0,49,1,3
1,0,20,1,1
1,1,31,1,11
1,1,58,1,7
1,0,26,1,11
1,0,20,0,1
1,1,39,0,1
1,1,51,1,1
1,0,30,0,2
1,1,26,1,9
1,0,26,0,2
1,0,35,1,13
0,1,51,0,7
0,1,26,0,0
1,0,26,0,5
1,1,20,0,0
1,0,28,1,0
1,0,23,1,1
0,0,21,0,0
1,1,30,0,0
1,1,21,1,2
1,1,20,1,1
1,1,24,1,5
1,0,35,1,22
1,1,50,1,2
1,0,25,0,5
1,0,31,1,12
1,0,26,0,0
1,0,22,0,0
1,0,29,0,0
1,1,52,0,1
1,0,21,0,0
1,1,21,0,1
0,1,20,1,0
1,1,30,1,1
0,0,33,1,3
1,0,24,0,3
0,0,30,1,11
0,1,30,0,0
1,0,47,1,13
1,0,41,0,9
1,1,48,0,6
1,0,52,1,2
0,0,34,0,1
1,1,35,1,0
1,0,24,1,1
1,0,43,1,3
1,0,25,0,1
1,0,34,1,20
1,0,25,1,2
1,1,56,0,6
1,0,23,0,0
1,1,21,0,0
1,1,66,0,0
1,0,28,0,7
1,1,29,0,0
1,1,22,1,3
1,1,39,0,0
1,0,33,1,9
1,1,29,1,2
1,1,31,0,1
1,0,22,0,0
0,1,22,0,0
1,1,35,0,3
1,1,29,1,3
1,1,56,0,1
0,0,34,0,0
1,0,23,1,1
1,0,27,1,1
1,1,43,0,2
1,1,38,0,0
1,1,39,0,3
1,0,24,1,1
1,0,26,0,2
0,1,55,0,0
1,0,35,1,1
1,0,61,0,25
1,1,40,0,4
1,0,33,0,3
1,1,26,1,0
1,1,32,1,15
1,0,28,0,0
1,1,45,0,0
1,1,30,1,0
0,1,57,0,4
1,0,26,1,3
1,0,35,0,1
0,0,29,0,0
0,1,40,0,0
1,1,28,1,1
0,0,25,0,0
1,0,44,0,3
1,1,48,0,1
0,1,59,0,1
1,1,23,1,4
1,0,29,0,0
1,1,56,0,0
0,0,27,0,0
0,1,29,0,0
0,1,34,0,4
0,0,22,0,0
1,1,40,1,5
1,1,31,0,0
1,0,47,0,3
1,0,24,1,8
0,1,20,0,1
1,0,39,0,4
1,0,29,1,10
0,0,26,1,4
1,0,61,0,2
1,1,24,1,2
1,0,30,0,0
1,0,20,1,0
1,0,56,1,22
0,1,50,1,3
1,1,56,0,5
1,0,30,1,10
1,0,28,1,12
1,0,59,0,1
1,0,20,1,1
1,1,23,1,4
0,1,28,1,2
1,1,35,1,3
1,0,22,1,1
1,0,22,0,0
1,0,46,1,3
1,0,61,1,8
1,0,26,0,5
1,1,44,0,1
0,0,34,1,0
1,1,29,1,1
1,0,29,0,8
1,0,48,1,5
0,0,31,0,0
1,1,21,0,2
1,1,34,0,4
1,0,54,0,21
1,1,20,0,4
1,1,31,1,1
1,1,22,0,0
1,0,36,0,6
1,0,34,1,9
1,0,50,0,15
0,0,25,1,7
1,0,31,0,1
1,0,49,1,10
1,0,21,0,2
0,0,26,1,5
0,1,25,1,2
1,1,38,0,5
1,1,35,0,2
1,0,50,0,10
1,0,32,1,4
1,1,29,0,1
1,1,46,0,0
1,1,53,0,1
0,1,27,1,1
1,1,29,0,4
1,0,23,1,3
1,1,24,0,1
1,0,33,1,18
1,0,32,1,1
0,0,38,1,7
1,0,40,0,20
0,0,36,0,1
1,0,34,1,16
1,1,41,1,1
1,1,57,0,7
1,0,26,0,1
1,1,39,1,2
1,0,45,1,0
1,0,26,0,2
0,1,48,0,0
1,1,52,0,7
0,0,43,0,0
1,1,24,0,3
1,0,27,1,11
1,0,56,0,28
1,0,28,1,2
1,0,21,0,0
1,0,33,1,5
1,0,25,1,1
1,0,36,1,17
0,1,25,0,0
1,1,46,0,0
0,0,24,0,0
1,0,28,1,4
1,0,28,1,12
1,0,23,1,0
1,1,50,1,1
1,1,24,0,0
0,0,55,0,2
1,0,22,1,0
1,0,38,0,14
1,0,31,0,1
0,0,30,0,3
1,1,52,0,1
1,0,37,1,16
0,1,41,0,1
1,0,20,1,0
1,1,21,1,0
1,1,22,0,1
1,0,38,0,7
1,0,31,0,0
1,1,28,0,0
1,0,39,0,1
1,0,34,1,22
1,1,32,0,2
1,0,36,0,7
1,0,24,1,0
1,0,27,1,9
1,0,61,0,8
1,0,43,0,2
1,0,26,0,1
1,0,32,0,7
0,1,57,0,2
0,1,40,0,0
1,1,33,1,6
1,0,30,1,2
1,1,29,0,1
0,1,21,0,1
1,0,36,0,2
1,0,59,0,17
1,0,35,1,6
1,0,21,1,2
1,0,49,1,29
0,0,37,1,23
1,0,20,1,1
1,1,28,0,1
1,0,29,1,3
1,0,25,1,1
1,0,20,1,2
1,1,30,1,3
1,0,55,0,5
1,1,26,0,0
0,1,52,0,6
1,0,52,1,16
1,1,60,0,2
1,1,44,0,0
0,0,25,0,2
0,1,20,1,4
1,1,28,1,3
1,0,39,0,3
1,1,22,0,1
1,1,24,1,1
0,0,28,0,0
1,0,35,1,10
1,1,30,0,0
1,0,22,1,0
1,0,39,0,9
1,0,26,0,5
1,0,33,0,3
0,0,23,0,0
0,0,52,1,0
0,0,22,1,0
1,1,54,0,0
1,0,50,0,2
1,0,20,1,2
1,1,25,0,1
0,1,46,0,0
1,0,26,1,1
1,1,22,0,0
1,1,38,1,10
0,0,34,1,5
1,0,18,1,4
0,1,26,1,3
0,1,23,0,0
1,1,44,1,1
1,1,53,1,9
1,0,27,0,6
1,0,27,1,4
1,1,25,0,2
1,1,48,1,18
1,1,19,1,1
1,1,53,0,0
1,0,39,0,0
1,0,27,1,6
0,1,29,1,1
0,0,21,1,2
0,0,24,0,7
1,1,33,0,0
0,1,24,0,1
1,1,46,0,1
0,1,38,0,0
1,0,30,1,13
1,0,26,1,27
1,1,57,0,2
1,1,43,0,0
1,0,22,0,0
0,0,28,1,9
1,1,51,0,3
1,1,24,0,1
1,0,48,1,3
1,1,26,1,0
1,0,31,1,6
1,0,27,0,6
1,0,25,0,0
1,1,56,0,3
0,0,29,0,1
0,1,30,1,3
1,0,21,0,0
1,1,22,1,1
0,0,28,0,0
1,0,35,0,2
1,1,23,0,0
1,0,48,0,4
1,1,22,1,4
1,0,37,0,2
1,0,33,0,0
1,0,23,1,5
1,0,22,1,0
1,0,24,0,0
1,0,44,0,2
1,0,26,0,4
0,0,26,0,0
1,0,29,0,2
1,1,30,0,1
1,0,23,1,1
0,0,28,1,0
1,0,20,0,0
0,1,24,0,7
1,0,37,1,6
0,0,21,0,1
1,0,27,1,8
1,0,26,1,2
1,1,42,0,0
1,0,23,1,8
1,1,43,0,1
0,1,55,0,0
1,1,38,1,0
1,1,24,1,1
1,0,23,0,0
0,0,64,0,0
1,0,32,1,11
0,0,39,1,0
1,1,30,0,0
0,0,22,0,1
1,0,20,1,2
1,0,21,1,0
1,1,24,0,0
1,1,50,0,2
1,0,30,0,3
1,0,51,1,12
1,0,21,1,2
1,0,21,1,1
1,0,31,0,1
1,0,23,1,2
1,0,32,1,4
1,0,28,1,11
1,1,50,1,16
1,0,24,0,0
0,0,19,1,1
1,0,29,1,3
1,0,41,1,6
1,0,28,1,4
1,1,29,1,6
1,1,49,0,0
1,1,42,0,0
1,0,38,0,4
1,0,22,1,3
1,1,46,1,0
1,0,38,1,0
1,0,36,0,0
0,0,27,1,10
1,1,22,1,6
1,0,29,0,11
1,0,23,1,6
1,0,39,0,2
1,1,47,0,0
1,0,26,1,7
0,0,21,1,0
1,0,55,0,12
1,0,63,0,2
1,0,27,1,2
1,1,55,0,27
1,1,57,1,21
1,1,26,1,0
1,1,37,0,1
1,0,25,0,4
1,0,34,0,0
1,0,25,1,2
1,1,46,0,2
1,0,32,0,8
0,0,25,1,5
1,0,35,1,4
0,0,33,1,2
1,0,26,1,2
1,1,49,1,10
1,0,29,0,2
1,1,28,1,6
1,0,53,0,20
1,0,29,1,3
1,1,27,0,0
1,1,48,0,0
1,1,25,1,1
1,1,67,0,0
1,0,29,0,2
0,0,53,0,3
1,1,23,0,1
1,0,49,0,0
0,1,44,0,0
1,0,26,1,10
1,1,51,1,2
1,0,46,0,0
1,1,30,1,1
0,0,48,1,0
1,0,77,1,1
1,0,21,1,2
1,1,46,1,11
1,0,54,1,4
1,1,54,0,3
1,0,26,0,15
1,0,23,1,8
1,1,39,0,2
1,0,29,1,1
1,0,30,1,9
1,0,41,0,6
1,0,32,0,1
1,0,48,0,12
1,1,39,0,2
1,0,52,1,0
1,0,31,1,3
1,1,22,1,1
1,0,56,1,4
0,1,46,0,0
0,1,52,1,23
1,0,29,1,7
0,0,22,0,0
1,0,39,0,8
1,0,35,0,9
1,0,26,0,1
1,0,27,0,1
1,0,27,1,5
0,1,34,1,10
1,0,47,1,21
1,0,27,0,2
0,0,32,1,0
1,0,25,1,5
1,1,22,1,2
1,1,43,0,4
1,0,52,1,7
1,0,21,1,2
1,0,28,1,11
1,0,21,1,1
1,1,23,1,4
1,0,31,0,1
1,1,34,0,1
1,0,32,0,0
0,1,50,1,0
1,0,27,0,1
0,0,26,0,4
1,0,27,1,4
1,1,29,1,0
1,1,30,1,11
1,0,58,0,0
1,0,27,1,14
1,0,28,1,5
1,0,24,1,15
1,0,45,1,1
1,1,50,0,0
0,0,30,1,15
1,1,43,1,0
1,1,24,1,0
1,0,34,0,10
1,1,26,0,2
1,1,31,0,0
1,0,23,1,1
1,0,39,0,0
1,0,50,1,4
0,0,22,0,0
0,0,25,0,0
0,0,21,0,2
1,1,20,0,1
1,0,54,1,12
0,0,27,1,2
1,1,45,1,5
1,0,34,1,13
0,1,55,0,0
1,0,24,0,0
1,0,20,1,0
1,0,37,1,5
0,1,34,0,1
0,0,41,1,2
1,0,21,1,1
1,0,22,1,3
1,0,24,0,0
1,1,42,0,8
0,0,23,1,0
0,0,40,0,1
1,0,19,1,2
1,1,20,0,0
0,1,44,1,0
1,0,20,0,0
1,0,27,0,5
1,1,20,1,0
1,0,20,0,0
1,1,28,1,1
1,0,29,1,9
1,0,21,1,0
1,0,45,1,4
0,0,24,1,2
1,0,60,1,15
1,0,43,1,8
0,0,24,0,0
1,0,23,1,3
1,1,27,0,0
1,1,24,0,0
1,0,31,1,6
1,0,22,1,0
0,0,46,0,4
1,0,53,0,3
1,1,54,0,0
0,1,37,1,5
0,0,35,1,7
0,0,53,0,0
1,0,26,1,9
1,0,48,1,7
1,0,63,1,22
0,0,56,1,2
1,0,25,1,6
0,1,49,0,0
1,1,34,1,0
1,0,21,1,0
1,1,23,1,0
1,1,57,0,0
1,1,29,1,8
1,1,25,1,5
0,0,42,0,1
1,0,51,0,1
1,0,53,0,13
0,0,43,0,6
1,0,34,0,0
0,1,27,1,2
1,0,51,0,0
1,1,26,0,1
1,0,47,0,5
1,1,22,0,0
0,1,36,0,0
1,1,41,1,4
1,0,21,0,2
1,0,25,0,6
1,0,24,1,7
1,1,33,0,0
0,1,44,1,3
1,1,46,1,0
0,0,28,0,1
1,0,28,1,5
1,0,66,1,5
1,1,20,0,0
1,0,27,0,2
1,0,25,1,3
1,1,31,0,8
0,0,39,0,1
0,0,41,1,7
1,0,26,0,0
1,0,25,1,2
1,0,22,1,2
1,0,25,1,7
1,1,50,1,18
0,1,20,1,0
1,1,56,0,5
1,0,25,1,5
0,0,48,0,1
1,0,21,0,1
1,1,31,1,2
1,1,35,0,0
1,0,34,1,2
1,0,32,0,0
0,0,31,1,1
1,0,29,1,6
1,0,25,0,2
1,0,26,0,13
1,0,31,1,11
1,0,28,1,3
0,0,27,1,10
1,0,24,1,0
1,1,49,0,0
0,1,40,0,0
1,0,22,0,4
1,0,28,1,5
0,1,51,0,1
1,0,24,1,2
1,1,49,0,1
1,1,33,1,0
1,0,34,1,6
1,0,30,1,8
1,1,44,1,0
1,0,41,1,12
1,1,46,0,0
1,0,57,0,2
0,1,44,0,1
1,0,32,0,0
1,0,36,0,1
1,0,30,0,1
1,0,28,0,0
1,1,31,1,3
1,0,29,1,8
1,0,21,0,1
1,0,23,1,5
1,1,25,0,4
0,0,49,1,25
0,0,25,1,1
1,0,35,0,9
1,0,32,0,0
0,0,23,0,0
1,0,23,0,4
0,0,26,0,0
1,0,31,1,9
1,0,22,1,0
0,1,20,1,0
1,0,24,0,1
1,0,37,0,0
1,0,29,0,0
1,0,29,1,9
1,1,49,0,3
1,0,31,0,2
1,1,59,0,0
1,0,39,1,2
1,0,23,0,1
1,0,27,1,3
1,0,22,0,1
1,1,21,1,0
1,0,36,0,0
1,0,30,1,10
1,1,31,0,3
1,0,25,0,7
1,1,26,0,0
1,0,24,0,0
1,0,27,0,11
1,1,28,0,4
1,1,54,1,3
1,1,57,0,0
1,1,54,1,11
1,0,30,0,2
0,0,31,0,4
1,1,29,0,0
1,0,22,0,0
1,0,28,0,2
1,0,35,1,0
1,0,29,1,2
1,0,30,0,14
0,0,44,0,1
1,0,27,1,2
0,1,63,0,0
1,0,27,1,6
1,1,36,1,0
1,0,31,1,5
1,0,21,0,0
1,1,23,0,1
1,0,55,0,1
1,0,40,0,1
1,0,30,1,3
1,0,41,0,1
1,1,56,0,0
1,0,23,1,1
1,0,61,0,14
1,0,20,1,0
1,1,49,1,2
1,0,31,0,6
1,0,50,1,7
0,0,31,1,3
1,0,32,0,4
0,1,26,1,7
1,0,44,1,0
1,0,62,0,0
1,0,43,1,3
0,0,24,1,1
1,0,41,1,13
1,1,23,0,0
1,1,67,0,0
1,0,20,1,0
1,0,29,1,3
0,1,34,1,0
1,0,23,1,1
1,0,29,0,0
1,0,46,0,4
1,0,31,1,9
1,0,24,0,1
1,0,28,1,1
0,0,25,1,0
0,0,24,0,0
1,1,36,0,1
1,0,25,0,2
1,1,29,0,0
0,1,26,0,1
1,0,23,1,3
1,0,32,1,4
0,1,26,0,0
1,1,35,1,0
1,0,23,1,0
0,1,46,0,0
1,1,41,0,0
1,1,22,1,0
1,0,27,1,7
0,0,24,1,1
1,0,27,1,10
1,1,22,0,1
0,0,43,1,3
1,0,26,1,3
1,1,26,0,7
1,1,29,1,3
0,0,42,1,17
1,0,30,0,0
1,1,34,0,1
1,1,23,0,3
0,1,47,0,0
1,1,55,0,2
0,1,30,1,5
1,0,43,0,2
1,0,45,1,38
0,1,61,0,15
1,1,49,0,0
1,0,49,0,1
1,0,42,0,1
1,0,24,0,1
1,1,51,0,0
1,1,28,1,4
1,1,26,1,2
1,1,28,1,2
1,0,49,0,2
0,0,33,1,6
1,1,47,0,1
1,1,56,0,1
1,1,53,0,8
1,1,41,0,3
1,0,45,0,6
0,0,21,0,0
1,1,27,1,2
1,0,21,0,0
1,1,31,0,0
1,0,30,0,8
1,0,23,0,0
1,1,52,0,1
1,0,48,1,11
0,0,51,0,3
1,1,30,1,1
0,0,29,1,5
0,0,44,0,0
1,0,34,1,12
1,0,28,1,5
1,0,28,1,9
0,1,34,0,0
1,0,23,1,3
1,1,71,0,3
1,1,45,0,2
1,0,29,0,0
1,0,52,1,23
1,1,26,0,1
1,0,52,1,17
1,0,21,0,0
1,1,29,0,2
1,1,54,0,0
1,1,58,1,12
1,1,27,1,0
1,1,29,0,1
0,0,23,1,2
0,1,65,0,1
0,1,28,1,5
1,0,31,1,15
1,1,31,0,0
1,0,21,0,0
1,0,27,1,17
1,1,33,0,1
1,0,25,0,3
1,1,39,0,1
1,0,29,1,8
1,0,27,1,15
0,1,42,0,0
1,1,21,0,0
1,0,27,1,5
1,0,36,1,2
0,0,24,1,0
0,1,67,0,0
0,0,27,0,2
1,0,39,1,3
1,1,42,0,5
0,0,25,0,1
1,1,40,1,8
1,0,37,1,4
0,0,42,1,8
0,0,27,1,12
1,0,26,1,8
1,0,23,0,1
1,1,32,1,8
0,1,31,1,1
1,1,20,1,1
1,1,26,1,4
1,1,51,1,2
1,1,67,0,0
1,0,27,0,10
0,1,26,0,1
1,0,55,1,3
1,1,28,0,0
0,1,51,0,0
1,0,28,1,13
1,0,22,1,0
1,0,26,1,2
0,0,27,0,1
1,0,32,0,5
1,0,36,1,11
1,0,27,0,4
1,1,41,1,1
1,0,24,0,12
1,0,61,0,11
0,1,29,0,3
1,1,34,0,11
1,1,45,0,0
1,1,21,1,3
1,0,28,1,20
1,1,31,0,6
1,1,59,1,0
1,0,40,1,8
0,1,22,0,1
1,0,21,1,1
1,0,24,1,1
1,1,25,1,2
0,0,25,0,1
1,0,47,1,3
1,0,21,1,5
1,0,29,1,1
1,1,40,1,4
1,1,39,0,0
0,0,30,1,0
0,1,22,1,2
1,1,25,0,0
0,1,21,1,0
1,1,25,1,0
1,1,54,1,1
1,0,27,1,5
1,1,45,1,4
1,0,32,1,4
1,0,22,1,0
0,0,44,0,6
1,0,23,0,0
1,1,46,0,0
1,1,33,0,2
0,1,40,1,3
1,1,54,0,7
1,1,21,0,0
1,1,43,1,6
1,0,22,1,3
1,0,22,0,0
1,0,31,0,0
1,0,32,1,6
0,1,50,0,3
1,0,21,0,1
1,1,23,0,0
1,0,33,1,3
1,0,64,0,0
1,0,20,0,0
1,1,26,0,1
1,0,30,1,18
1,0,23,1,10
1,0,60,1,13
1,0,46,1,2
1,1,56,1,0
0,0,45,0,0
1,0,26,1,4
0,0,47,0,4
0,0,29,1,7
1,0,32,0,9
1,1,27,1,2
1,0,29,1,10
1,0,22,1,1
0,0,28,0,1
1,1,36,0,0
1,0,24,0,0
1,0,33,1,9
1,0,46,0,2
1,1,31,1,9
1,1,49,1,3
1,0,24,1,0
1,0,57,1,28
1,0,36,1,14
1,0,43,0,23
1,0,42,0,0
1,1,32,1,4
1,1,26,0,1
1,1,74,0,0
1,0,24,1,3
1,0,33,0,2
1,0,22,1,1
1,1,50,0,4
0,1,28,1,7
0,0,35,1,5
1,0,33,1,0
0,0,36,0,1
1,0,28,1,2
1,0,63,0,1
1,0,24,1,11
0,1,69,0,5
1,0,41,1,18
1,1,44,0,1
0,0,29,0,0
0,1,52,0,0
1,0,23,1,1
1,1,26,0,0
1,0,24,1,0
1,0,45,0,4
1,0,24,1,4
1,0,47,0,0
1,0,20,1,2
1,0,26,0,0
1,0,36,1,9
1,1,33,1,2
1,1,52,0,1
1,1,51,0,0
1,1,20,1,1
1,0,47,1,7
1,1,38,1,1
1,1,67,0,1
1,0,47,0,1
1,1,66,0,0
1,1,39,0,0
0,1,49,0,2
0,0,45,0,9
0,1,46,1,7
1,0,29,1,15
1,0,28,1,2
0,0,22,1,0
1,0,20,1,1
1,1,34,0,5
1,1,34,0,13
1,0,22,1,8
1,1,25,1,3
1,1,27,1,13
1,0,34,0,1
1,1,34,0,1
1,0,54,1,10
0,1,36,1,5
1,0,30,1,8
0,0,23,1,1
1,1,40,0,0
0,0,22,0,1
0,1,27,1,0
1,0,25,1,3
1,0,47,0,14
0,0,27,1,3
1,0,38,1,16
1,0,27,1,0
1,1,30,1,4
1,0,33,1,4
0,0,29,1,2
1,0,56,1,31
1,0,26,0,0
0,0,28,0,5
1,0,43,0,5
1,0,29,1,2
1,0,22,1,1
1,1,74,0,2
1,0,47,1,4
0,1,42,1,4
0,1,43,0,0
0,0,28,1,6
0,0,24,0,0
1,0,56,0,0
1,1,49,0,0
0,1,24,0,1
1,0,30,1,3
1,1,28,0,11
0,0,39,1,1
0,0,26,1,4
1,0,56,0,4
1,1,58,0,8
1,0,33,0,3
0,0,31,1,9
1,0,35,1,18
1,1,25,0,5
1,1,25,1,7
1,0,20,1,1
0,1,30,0,3
1,1,29,1,14
1,1,39,0,5
1,0,21,1,0
1,0,46,1,13
1,0,44,1,11
1,1,30,0,2
1,0,35,1,12
1,1,34,0,4
1,0,26,0,2
1,1,51,0,4
1,0,36,0,0
1,1,26,1,3
1,0,21,0,1
1,0,59,0,5
1,0,29,1,7
1,0,37,0,4
1,1,41,0,0
1,0,23,1,0
0,1,54,0,1
1,1,30,0,2
1,1,28,1,0
1,0,22,0,0
1,0,21,1,0
1,0,27,0,1
1,0,61,1,4
1,1,51,0,7
1,0,19,1,1
1,1,60,1,0
1,1,34,0,1
0,1,22,0,1
0,1,49,0,3
0,1,61,0,1
1,0,51,1,7
0,1,49,0,2
0,0,24,1,0
0,1,36,1,4
1,1,42,0,5
1,0,36,0,9
1,1,57,1,14
1,1,36,0,0
1,0,34,1,3
1,0,24,1,2
1,1,67,0,2
1,1,32,0,0
1,0,25,0,1
0,1,30,1,2
1,0,35,1,8
1,0,43,0,0
1,0,28,0,1
1,0,32,0,4
1,1,23,0,0
0,0,20,1,0
1,0,30,1,19
1,0,30,0,2
1,1,23,1,5
1,1,21,1,0
1,0,30,1,0
1,0,20,0,0
1,0,23,0,0
1,0,23,0,0
0,0,33,0,3
